investor_id,age_group,gender,state,city_tier,sip_amount
INV10001,18-25,Female,Maharashtra,B30,4200.0
INV10002,36-45,Male,Tamil Nadu,B30,9200.0
INV10003,26-35,Male,Bihar,B30,2300.0
INV10004,46-55,Female,Bihar,T30,9800.0
INV10005,18-25,Male,Punjab,B30,5400.0
INV10006,46-55,Male,Rajasthan,T30,18500.0
INV10007,36-45,Female,Kerala,T30,21900.0
INV10008,46-55,Female,West Bengal,T30,14500.0
INV10009,26-35,Female,Madhya Pradesh,T30,21800.0
INV10010,26-35,Female,Telangana,T30,13900.0
INV10011,36-45,Male,Bihar,B30,2800.0
INV10012,56+,Male,Haryana,T30,9000.0
INV10013,46-55,Male,Madhya Pradesh,B30,8800.0
INV10014,18-25,Female,Gujarat,B30,2300.0
INV10015,26-35,Female,Tamil Nadu,T30,5900.0
INV10016,26-35,Male,Delhi,T30,42500.0
INV10017,26-35,Male,Telangana,T30,14700.0
INV10018,26-35,Female,Maharashtra,T30,13800.0
INV10019,26-35,Female,Delhi,T30,48500.0
INV10020,26-35,Female,Kerala,B30,7800.0
INV10021,26-35,Female,Maharashtra,B30,11400.0
INV10022,36-45,Female,Punjab,T30,33900.0
INV10023,46-55,Other,Uttar Pradesh,B30,2800.0
INV10024,26-35,Male,Kerala,T30,19800.0
INV10025,26-35,Male,Tamil Nadu,T30,20800.0
INV10026,18-25,Female,Uttar Pradesh,B30,6300.0
INV10027,26-35,Female,Haryana,T30,19800.0
INV10028,36-45,Male,Rajasthan,B30,5600.0
INV10029,46-55,Female,Gujarat,T30,9500.0
INV10030,36-45,Male,Haryana,T30,14000.0
INV10031,36-45,Male,Haryana,B30,8200.0
INV10032,36-45,Male,Maharashtra,T30,18000.0
INV10033,36-45,Male,Delhi,T30,18200.0
INV10034,18-25,Male,Bihar,T30,2900.0
INV10035,46-55,Female,Maharashtra,T30,8100.0
INV10036,18-25,Male,Bihar,T30,8500.0
INV10037,56+,Female,Haryana,T30,4200.0
INV10038,26-35,Male,Bihar,T30,16000.0
INV10039,26-35,Female,Telangana,T30,17700.0
INV10040,26-35,Male,Delhi,T30,3600.0
INV10041,36-45,Female,Punjab,T30,2900.0
INV10042,26-35,Male,Kerala,B30,7400.0
INV10043,18-25,Male,Andhra Pradesh,T30,4800.0
INV10044,26-35,Male,Telangana,T30,3900.0
INV10045,26-35,Male,Gujarat,T30,10700.0
INV10046,46-55,Male,West Bengal,T30,8100.0
INV10047,36-45,Female,Andhra Pradesh,T30,5000.0
INV10048,26-35,Male,Rajasthan,T30,8500.0
INV10049,18-25,Female,Kerala,T30,7900.0
INV10050,18-25,Female,Gujarat,T30,6500.0
INV10051,26-35,Male,Rajasthan,T30,6300.0
INV10052,36-45,Female,Telangana,B30,18300.0
INV10053,36-45,Male,Uttar Pradesh,B30,8300.0
INV10054,36-45,Male,Andhra Pradesh,T30,14500.0
INV10055,46-55,Male,Tamil Nadu,T30,5400.0
INV10056,26-35,Female,Tamil Nadu,B30,68300.0
INV10057,36-45,Female,West Bengal,B30,11700.0
INV10058,26-35,Female,Rajasthan,B30,14200.0
INV10059,36-45,Male,Haryana,B30,19700.0
INV10060,56+,Male,Maharashtra,T30,17600.0
INV10061,26-35,Male,Madhya Pradesh,T30,5200.0
INV10062,26-35,Male,Punjab,T30,22400.0
INV10063,26-35,Female,Rajasthan,T30,13800.0
INV10064,18-25,Male,Gujarat,T30,2700.0
INV10065,36-45,Female,Andhra Pradesh,B30,17500.0
INV10066,46-55,Female,Tamil Nadu,B30,7200.0
INV10067,46-55,Female,Uttar Pradesh,B30,1700.0
INV10068,26-35,Male,Bihar,B30,17800.0
INV10069,18-25,Male,Madhya Pradesh,T30,2000.0
INV10070,36-45,Male,Karnataka,T30,15800.0
INV10071,26-35,Male,Gujarat,T30,4200.0
INV10072,26-35,Female,Bihar,T30,20000.0
INV10073,56+,Male,Haryana,T30,2900.0
INV10074,26-35,Female,West Bengal,T30,32300.0
INV10075,26-35,Female,Delhi,T30,15500.0
INV10076,18-25,Male,Maharashtra,T30,4900.0
INV10077,18-25,Female,West Bengal,T30,1700.0
INV10078,36-45,Female,Bihar,B30,18700.0
INV10079,56+,Male,Tamil Nadu,B30,27800.0
INV10080,46-55,Female,Bihar,B30,13400.0
INV10081,46-55,Male,Telangana,T30,8200.0
INV10082,56+,Female,Karnataka,T30,7300.0
INV10083,36-45,Male,Bihar,T30,12700.0
INV10084,36-45,Male,Kerala,T30,21100.0
INV10085,36-45,Female,Delhi,B30,9400.0
INV10086,36-45,Female,Punjab,B30,21000.0
INV10087,26-35,Female,Kerala,T30,13800.0
INV10088,26-35,Female,Haryana,B30,4200.0
INV10089,26-35,Male,Andhra Pradesh,T30,9600.0
INV10090,26-35,Female,Kerala,T30,18200.0
INV10091,46-55,Female,Rajasthan,T30,5700.0
INV10092,36-45,Female,West Bengal,T30,14400.0
INV10093,26-35,Female,Tamil Nadu,T30,6100.0
INV10094,56+,Male,Bihar,T30,5600.0
INV10095,46-55,Male,Punjab,T30,2900.0
INV10096,26-35,Female,Punjab,T30,3500.0
INV10097,26-35,Female,Kerala,T30,14500.0
INV10098,36-45,Male,Haryana,B30,13600.0
INV10099,26-35,Male,Punjab,T30,23200.0
INV10100,26-35,Male,Tamil Nadu,T30,2700.0
INV10101,26-35,Female,Uttar Pradesh,T30,13500.0
INV10102,18-25,Male,Kerala,B30,2100.0
INV10103,26-35,Female,Karnataka,T30,13700.0
INV10104,46-55,Female,Madhya Pradesh,B30,12800.0
INV10105,36-45,Female,Telangana,T30,19400.0
INV10106,36-45,Male,Gujarat,B30,17500.0
INV10107,56+,Female,Maharashtra,T30,19700.0
INV10108,26-35,Male,Gujarat,T30,9800.0
INV10109,26-35,Male,Karnataka,T30,5900.0
INV10110,26-35,Female,Tamil Nadu,T30,15000.0
INV10111,18-25,Female,Tamil Nadu,T30,3200.0
INV10112,46-55,Female,Rajasthan,T30,6200.0
INV10113,18-25,Male,Rajasthan,B30,2800.0
INV10114,18-25,Male,Gujarat,B30,3800.0
INV10115,26-35,Female,Haryana,B30,9500.0
INV10116,26-35,Female,Andhra Pradesh,B30,17700.0
INV10117,36-45,Male,Tamil Nadu,T30,4600.0
INV10118,26-35,Female,Delhi,T30,13600.0
INV10119,26-35,Female,Karnataka,B30,5500.0
INV10120,26-35,Female,West Bengal,B30,12300.0
INV10121,26-35,Male,Gujarat,T30,4400.0
INV10122,36-45,Male,Andhra Pradesh,T30,22700.0
INV10123,18-25,Male,Madhya Pradesh,T30,1000.0
INV10124,36-45,Male,Madhya Pradesh,T30,12500.0
INV10125,36-45,Female,Delhi,T30,30600.0
INV10126,26-35,Female,Uttar Pradesh,T30,15100.0
INV10127,36-45,Male,West Bengal,T30,11600.0
INV10128,18-25,Female,Madhya Pradesh,B30,2500.0
INV10129,36-45,Female,Rajasthan,T30,20500.0
INV10130,26-35,Female,Karnataka,T30,12400.0
INV10131,26-35,Female,Gujarat,T30,8600.0
INV10132,26-35,Female,West Bengal,T30,17400.0
INV10133,36-45,Male,Kerala,T30,24900.0
INV10134,36-45,Male,Madhya Pradesh,T30,13600.0
INV10135,46-55,Male,Madhya Pradesh,B30,11300.0
INV10136,26-35,Male,Bihar,B30,7000.0
INV10137,26-35,Male,Punjab,T30,34400.0
INV10138,46-55,Female,Punjab,T30,25000.0
INV10139,26-35,Male,Haryana,B30,3900.0
INV10140,36-45,Female,Uttar Pradesh,T30,18300.0
INV10141,18-25,Female,Uttar Pradesh,B30,3700.0
INV10142,56+,Female,Andhra Pradesh,T30,7400.0
INV10143,36-45,Female,Haryana,B30,8300.0
INV10144,26-35,Female,Tamil Nadu,T30,17800.0
INV10145,36-45,Male,Telangana,T30,13100.0
INV10146,26-35,Female,Madhya Pradesh,T30,21600.0
INV10147,36-45,Male,Maharashtra,B30,14800.0
INV10148,46-55,Female,Punjab,B30,7000.0
INV10149,56+,Male,Gujarat,T30,5200.0
INV10150,26-35,Male,Kerala,T30,16900.0
INV10151,36-45,Male,Maharashtra,T30,12000.0
INV10152,36-45,Male,Karnataka,T30,6400.0
INV10153,26-35,Male,Bihar,T30,15200.0
INV10154,26-35,Male,Telangana,T30,29400.0
INV10155,46-55,Female,Uttar Pradesh,B30,11800.0
INV10156,26-35,Male,West Bengal,T30,8000.0
INV10157,26-35,Female,Delhi,T30,6900.0
INV10158,56+,Male,Punjab,T30,9500.0
INV10159,26-35,Female,Tamil Nadu,T30,24700.0
INV10160,36-45,Male,Tamil Nadu,B30,4100.0
INV10161,26-35,Male,Haryana,T30,2300.0
INV10162,36-45,Female,Maharashtra,T30,13500.0
INV10163,36-45,Male,Maharashtra,T30,7100.0
INV10164,26-35,Male,Uttar Pradesh,B30,18700.0
INV10165,36-45,Male,Punjab,B30,3700.0
INV10166,36-45,Male,Gujarat,B30,10700.0
INV10167,36-45,Male,Kerala,B30,7000.0
INV10168,26-35,Female,Andhra Pradesh,T30,6300.0
INV10169,26-35,Male,Uttar Pradesh,B30,10800.0
INV10170,36-45,Male,Kerala,T30,24900.0
INV10171,18-25,Male,Punjab,T30,2200.0
INV10172,18-25,Male,Rajasthan,T30,5300.0
INV10173,26-35,Female,Tamil Nadu,T30,14000.0
INV10174,26-35,Female,Karnataka,T30,16800.0
INV10175,46-55,Male,Bihar,B30,9400.0
INV10176,26-35,Male,Gujarat,T30,10500.0
INV10177,46-55,Female,Maharashtra,T30,21100.0
INV10178,46-55,Male,Madhya Pradesh,B30,10200.0
INV10179,36-45,Other,Punjab,B30,4300.0
INV10180,18-25,Male,Maharashtra,T30,3000.0
INV10181,26-35,Male,Maharashtra,B30,16700.0
INV10182,18-25,Male,Haryana,T30,2400.0
INV10183,36-45,Male,Delhi,T30,8900.0
INV10184,26-35,Male,Tamil Nadu,T30,10100.0
INV10185,46-55,Female,Haryana,T30,33000.0
INV10186,18-25,Male,Rajasthan,T30,2600.0
INV10187,18-25,Male,Gujarat,B30,1500.0
INV10188,26-35,Male,Haryana,T30,10700.0
INV10189,26-35,Male,Haryana,T30,8100.0
INV10190,36-45,Male,Haryana,T30,14200.0
INV10191,26-35,Other,Bihar,T30,7600.0
INV10192,36-45,Male,Delhi,T30,5100.0
INV10193,26-35,Female,Delhi,T30,18200.0
INV10194,56+,Male,West Bengal,T30,13800.0
INV10195,26-35,Male,Andhra Pradesh,B30,24200.0
INV10196,26-35,Male,Punjab,B30,33200.0
INV10197,36-45,Male,Gujarat,B30,20700.0
INV10198,36-45,Female,Uttar Pradesh,T30,58800.0
INV10199,56+,Female,Telangana,B30,19400.0
INV10200,26-35,Male,Madhya Pradesh,B30,3400.0
INV10201,46-55,Male,Rajasthan,T30,13700.0
INV10202,36-45,Female,Gujarat,B30,11600.0
INV10203,26-35,Male,Rajasthan,T30,3300.0
INV10204,36-45,Male,Andhra Pradesh,B30,14400.0
INV10205,56+,Male,Haryana,T30,7500.0
INV10206,46-55,Male,Rajasthan,T30,13000.0
INV10207,26-35,Female,Punjab,B30,16100.0
INV10208,36-45,Male,Kerala,T30,34600.0
INV10209,26-35,Female,Andhra Pradesh,T30,23600.0
INV10210,18-25,Male,Andhra Pradesh,T30,5700.0
INV10211,26-35,Male,Karnataka,T30,17800.0
INV10212,36-45,Male,West Bengal,T30,34700.0
INV10213,26-35,Male,Haryana,B30,6400.0
INV10214,26-35,Female,Kerala,T30,22900.0
INV10215,18-25,Female,Delhi,B30,5100.0
INV10216,36-45,Female,Karnataka,B30,29900.0
INV10217,26-35,Female,Andhra Pradesh,B30,7800.0
INV10218,56+,Female,Andhra Pradesh,T30,4100.0
INV10219,46-55,Other,Andhra Pradesh,B30,6500.0
INV10220,18-25,Male,Gujarat,T30,8500.0
INV10221,36-45,Male,Bihar,B30,1400.0
INV10222,46-55,Female,Uttar Pradesh,T30,18800.0
INV10223,26-35,Female,Rajasthan,T30,10600.0
INV10224,26-35,Male,Kerala,T30,7100.0
INV10225,26-35,Male,Madhya Pradesh,B30,10300.0
INV10226,18-25,Male,Uttar Pradesh,T30,1600.0
INV10227,18-25,Female,Delhi,B30,1200.0
INV10228,18-25,Female,Delhi,T30,4800.0
INV10229,26-35,Male,Gujarat,T30,5300.0
INV10230,46-55,Male,Telangana,T30,13900.0
INV10231,26-35,Male,Bihar,B30,3800.0
INV10232,26-35,Male,Kerala,T30,30800.0
INV10233,26-35,Female,Delhi,T30,7000.0
INV10234,46-55,Other,Andhra Pradesh,T30,11700.0
INV10235,36-45,Male,West Bengal,B30,7000.0
INV10236,26-35,Female,Telangana,T30,9400.0
INV10237,36-45,Male,Uttar Pradesh,T30,33000.0
INV10238,26-35,Male,Maharashtra,T30,4600.0
INV10239,26-35,Male,Haryana,T30,4900.0
INV10240,26-35,Male,Delhi,B30,5100.0
INV10241,46-55,Female,Madhya Pradesh,T30,8400.0
INV10242,36-45,Male,Rajasthan,T30,6200.0
INV10243,36-45,Female,Andhra Pradesh,T30,8500.0
INV10244,46-55,Other,Kerala,B30,10000.0
INV10245,26-35,Male,Tamil Nadu,T30,12500.0
INV10246,56+,Female,Delhi,T30,13900.0
INV10247,56+,Other,Andhra Pradesh,T30,10800.0
INV10248,26-35,Female,Punjab,T30,27700.0
INV10249,18-25,Female,Gujarat,T30,2800.0
INV10250,26-35,Female,Bihar,T30,12800.0
INV10251,36-45,Male,Telangana,T30,9400.0
INV10252,36-45,Male,Tamil Nadu,T30,4900.0
INV10253,26-35,Male,Tamil Nadu,B30,43900.0
INV10254,56+,Male,Delhi,B30,13000.0
INV10255,26-35,Female,Tamil Nadu,B30,2600.0
INV10256,26-35,Male,West Bengal,T30,17900.0
INV10257,26-35,Female,Tamil Nadu,T30,16900.0
INV10258,36-45,Male,Gujarat,B30,12500.0
INV10259,56+,Female,Kerala,T30,6500.0
INV10260,26-35,Female,West Bengal,T30,8500.0
INV10261,26-35,Female,Haryana,T30,18200.0
INV10262,46-55,Female,Punjab,T30,13000.0
INV10263,18-25,Other,Rajasthan,T30,1000.0
INV10264,18-25,Male,Delhi,T30,3500.0
INV10265,56+,Female,Haryana,T30,5400.0
INV10266,26-35,Female,Madhya Pradesh,B30,11400.0
INV10267,46-55,Male,Haryana,T30,3100.0
INV10268,18-25,Male,Haryana,T30,3500.0
INV10269,26-35,Male,Andhra Pradesh,T30,14200.0
INV10270,36-45,Female,Punjab,B30,31800.0
INV10271,26-35,Female,Madhya Pradesh,T30,2700.0
INV10272,26-35,Female,Kerala,B30,12100.0
INV10273,26-35,Male,West Bengal,T30,9500.0
INV10274,18-25,Male,Kerala,T30,5600.0
INV10275,26-35,Other,Bihar,T30,4400.0
INV10276,36-45,Female,Telangana,T30,10400.0
INV10277,36-45,Male,Haryana,B30,2400.0
INV10278,36-45,Female,Kerala,T30,11300.0
INV10279,26-35,Female,Bihar,T30,3200.0
INV10280,56+,Male,Tamil Nadu,T30,6600.0
INV10281,56+,Male,Punjab,T30,23400.0
INV10282,26-35,Male,Delhi,T30,10600.0
INV10283,26-35,Male,Andhra Pradesh,T30,23500.0
INV10284,36-45,Male,Andhra Pradesh,T30,3700.0
INV10285,46-55,Male,Tamil Nadu,T30,26300.0
INV10286,18-25,Male,Delhi,B30,4900.0
INV10287,36-45,Male,Bihar,T30,10000.0
INV10288,36-45,Male,Uttar Pradesh,T30,5300.0
INV10289,26-35,Female,Haryana,T30,23800.0
INV10290,26-35,Male,Karnataka,B30,6800.0
INV10291,26-35,Male,Karnataka,B30,3500.0
INV10292,18-25,Female,Haryana,T30,7800.0
INV10293,26-35,Male,Haryana,T30,11600.0
INV10294,26-35,Female,Bihar,T30,6900.0
INV10295,46-55,Male,Punjab,T30,13300.0
INV10296,46-55,Male,Bihar,T30,7500.0
INV10297,46-55,Male,Madhya Pradesh,T30,2000.0
INV10298,26-35,Female,Delhi,T30,16600.0
INV10299,26-35,Male,Karnataka,T30,12200.0
INV10300,56+,Female,Tamil Nadu,T30,6000.0
INV10301,36-45,Male,Delhi,T30,14000.0
INV10302,46-55,Female,Gujarat,B30,3300.0
INV10303,26-35,Female,Tamil Nadu,T30,4500.0
INV10304,26-35,Male,Madhya Pradesh,T30,6800.0
INV10305,46-55,Female,West Bengal,T30,4000.0
INV10306,46-55,Female,Maharashtra,T30,14700.0
INV10307,36-45,Female,West Bengal,B30,4900.0
INV10308,26-35,Male,Tamil Nadu,B30,1900.0
INV10309,36-45,Male,Uttar Pradesh,B30,18000.0
INV10310,56+,Female,Telangana,T30,5300.0
INV10311,36-45,Other,Delhi,T30,29700.0
INV10312,26-35,Male,Delhi,B30,11700.0
INV10313,26-35,Male,Haryana,T30,10900.0
INV10314,26-35,Male,Andhra Pradesh,T30,20100.0
INV10315,26-35,Female,Haryana,B30,19400.0
INV10316,18-25,Male,Rajasthan,T30,4200.0
INV10317,36-45,Male,West Bengal,B30,14200.0
INV10318,18-25,Female,Andhra Pradesh,T30,5700.0
INV10319,46-55,Male,Gujarat,B30,3000.0
INV10320,46-55,Male,Punjab,T30,6800.0
INV10321,18-25,Male,Madhya Pradesh,B30,3400.0
INV10322,18-25,Female,Punjab,T30,1400.0
INV10323,26-35,Female,Karnataka,B30,15300.0
INV10324,18-25,Female,Delhi,B30,2300.0
INV10325,46-55,Female,Haryana,T30,14400.0
INV10326,26-35,Male,Haryana,T30,2600.0
INV10327,46-55,Male,Karnataka,T30,2900.0
INV10328,26-35,Male,Uttar Pradesh,B30,19800.0
INV10329,46-55,Female,Madhya Pradesh,T30,14600.0
INV10330,26-35,Male,Andhra Pradesh,B30,9700.0
INV10331,46-55,Male,Maharashtra,T30,16200.0
INV10332,26-35,Female,Delhi,T30,26700.0
INV10333,36-45,Male,Andhra Pradesh,T30,17100.0
INV10334,26-35,Female,Rajasthan,T30,12100.0
INV10335,26-35,Male,Haryana,B30,5800.0
INV10336,26-35,Female,Maharashtra,B30,24900.0
INV10337,26-35,Female,Madhya Pradesh,T30,36500.0
INV10338,36-45,Male,Andhra Pradesh,T30,20700.0
INV10339,26-35,Male,Rajasthan,T30,7300.0
INV10340,56+,Female,Rajasthan,T30,11000.0
INV10341,46-55,Male,Punjab,T30,6900.0
INV10342,26-35,Female,Gujarat,T30,12400.0
INV10343,26-35,Female,Gujarat,T30,22200.0
INV10344,26-35,Male,Madhya Pradesh,T30,7900.0
INV10345,36-45,Male,Rajasthan,T30,6300.0
INV10346,36-45,Male,Punjab,T30,13100.0
INV10347,36-45,Female,Madhya Pradesh,T30,20000.0
INV10348,26-35,Female,Karnataka,T30,16600.0
INV10349,26-35,Male,Gujarat,T30,7700.0
INV10350,36-45,Male,Haryana,T30,23900.0
INV10351,18-25,Male,Karnataka,B30,800.0
INV10352,46-55,Male,Tamil Nadu,T30,6800.0
INV10353,26-35,Female,Telangana,B30,14500.0
INV10354,26-35,Female,Madhya Pradesh,T30,11000.0
INV10355,26-35,Male,Andhra Pradesh,T30,3300.0
INV10356,26-35,Female,West Bengal,T30,10200.0
INV10357,26-35,Male,Karnataka,T30,19200.0
INV10358,46-55,Male,Rajasthan,B30,13300.0
INV10359,36-45,Male,Madhya Pradesh,B30,16300.0
INV10360,36-45,Male,West Bengal,T30,31000.0
INV10361,36-45,Female,Punjab,B30,5200.0
INV10362,26-35,Male,Rajasthan,B30,21700.0
INV10363,26-35,Male,Andhra Pradesh,B30,5200.0
INV10364,18-25,Male,Karnataka,B30,2000.0
INV10365,46-55,Female,Rajasthan,B30,11500.0
INV10366,36-45,Female,Madhya Pradesh,B30,33700.0
INV10367,26-35,Female,Kerala,T30,17500.0
INV10368,26-35,Male,Telangana,B30,9500.0
INV10369,26-35,Male,Uttar Pradesh,T30,27100.0
INV10370,36-45,Female,Kerala,T30,18300.0
INV10371,36-45,Male,Delhi,B30,5700.0
INV10372,26-35,Male,West Bengal,T30,5300.0
INV10373,26-35,Male,West Bengal,T30,6100.0
INV10374,46-55,Male,Andhra Pradesh,T30,11800.0
INV10375,26-35,Other,West Bengal,B30,9400.0
INV10376,26-35,Female,Kerala,B30,18100.0
INV10377,26-35,Male,Punjab,T30,15800.0
INV10378,46-55,Male,Andhra Pradesh,B30,16500.0
INV10379,26-35,Male,Madhya Pradesh,T30,22200.0
INV10380,36-45,Male,Kerala,B30,3600.0
INV10381,36-45,Male,Punjab,B30,18500.0
INV10382,36-45,Female,Uttar Pradesh,T30,47900.0
INV10383,18-25,Male,Karnataka,T30,4900.0
INV10384,36-45,Other,Bihar,T30,8000.0
INV10385,26-35,Female,Maharashtra,T30,15300.0
INV10386,26-35,Male,West Bengal,T30,15600.0
INV10387,18-25,Female,Madhya Pradesh,T30,4400.0
INV10388,46-55,Male,Telangana,T30,25700.0
INV10389,46-55,Male,Gujarat,B30,15500.0
INV10390,26-35,Female,Haryana,T30,18400.0
INV10391,46-55,Male,Maharashtra,T30,6700.0
INV10392,26-35,Male,Maharashtra,T30,3100.0
INV10393,56+,Male,Delhi,B30,3300.0
INV10394,46-55,Male,Andhra Pradesh,T30,9300.0
INV10395,26-35,Male,West Bengal,T30,8400.0
INV10396,56+,Female,Andhra Pradesh,T30,5900.0
INV10397,36-45,Male,Maharashtra,T30,5800.0
INV10398,18-25,Male,Gujarat,B30,2500.0
INV10399,26-35,Male,Bihar,T30,9200.0
INV10400,36-45,Male,Punjab,B30,6700.0
INV10401,26-35,Male,Kerala,T30,13000.0
INV10402,26-35,Male,Kerala,T30,13400.0
INV10403,26-35,Male,Kerala,T30,10000.0
INV10404,26-35,Female,Madhya Pradesh,T30,7700.0
INV10405,46-55,Male,Gujarat,B30,6500.0
INV10406,46-55,Male,Madhya Pradesh,T30,13700.0
INV10407,46-55,Female,Haryana,T30,23400.0
INV10408,46-55,Female,Delhi,B30,5300.0
INV10409,46-55,Female,Rajasthan,B30,9700.0
INV10410,26-35,Male,Gujarat,T30,8800.0
INV10411,46-55,Female,Madhya Pradesh,T30,18300.0
INV10412,26-35,Female,Bihar,T30,16100.0
INV10413,26-35,Female,Madhya Pradesh,T30,6200.0
INV10414,46-55,Male,Delhi,B30,3700.0
INV10415,26-35,Male,Bihar,T30,7100.0
INV10416,26-35,Male,Gujarat,T30,5000.0
INV10417,56+,Female,Uttar Pradesh,T30,22000.0
INV10418,36-45,Female,Haryana,T30,11200.0
INV10419,18-25,Female,Punjab,B30,2200.0
INV10420,26-35,Female,Madhya Pradesh,T30,6600.0
INV10421,36-45,Male,Haryana,B30,7100.0
INV10422,18-25,Male,Tamil Nadu,T30,3800.0
INV10423,26-35,Male,Tamil Nadu,T30,12700.0
INV10424,18-25,Female,Punjab,T30,5600.0
INV10425,26-35,Other,Uttar Pradesh,T30,27100.0
INV10426,26-35,Female,Kerala,T30,13900.0
INV10427,26-35,Male,Punjab,T30,15200.0
INV10428,26-35,Male,Tamil Nadu,T30,22000.0
INV10429,26-35,Male,Andhra Pradesh,T30,9900.0
INV10430,46-55,Male,Uttar Pradesh,B30,3000.0
INV10431,26-35,Female,Andhra Pradesh,T30,39100.0
INV10432,26-35,Male,Uttar Pradesh,B30,8100.0
INV10433,26-35,Male,Haryana,T30,18000.0
INV10434,46-55,Male,West Bengal,T30,7400.0
INV10435,26-35,Male,Telangana,T30,3900.0
INV10436,46-55,Male,Tamil Nadu,B30,5000.0
INV10437,18-25,Male,Madhya Pradesh,T30,1400.0
INV10438,36-45,Female,Andhra Pradesh,T30,13600.0
INV10439,18-25,Female,Tamil Nadu,T30,4600.0
INV10440,18-25,Female,Bihar,T30,3500.0
INV10441,26-35,Female,Andhra Pradesh,T30,11500.0
INV10442,46-55,Male,Rajasthan,T30,20800.0
INV10443,18-25,Male,Telangana,B30,800.0
INV10444,26-35,Female,Kerala,T30,11800.0
INV10445,36-45,Male,Kerala,B30,17400.0
INV10446,18-25,Female,Gujarat,T30,4400.0
INV10447,36-45,Male,Kerala,T30,13000.0
INV10448,26-35,Female,Gujarat,T30,34700.0
INV10449,36-45,Male,West Bengal,B30,16600.0
INV10450,56+,Male,Rajasthan,T30,4400.0
INV10451,26-35,Male,Madhya Pradesh,T30,7400.0
INV10452,26-35,Male,Punjab,T30,15100.0
INV10453,26-35,Male,Rajasthan,T30,12100.0
INV10454,18-25,Male,Karnataka,T30,4900.0
INV10455,46-55,Male,Karnataka,B30,8800.0
INV10456,26-35,Male,Karnataka,B30,7600.0
INV10457,18-25,Male,Madhya Pradesh,T30,1500.0
INV10458,26-35,Female,Punjab,B30,5600.0
INV10459,26-35,Male,Tamil Nadu,B30,11500.0
INV10460,26-35,Male,West Bengal,B30,6100.0
INV10461,26-35,Other,Gujarat,B30,16000.0
INV10462,56+,Male,Kerala,T30,13100.0
INV10463,56+,Male,Kerala,T30,21900.0
INV10464,26-35,Female,Rajasthan,T30,24600.0
INV10465,26-35,Male,Gujarat,T30,11900.0
INV10466,26-35,Female,Gujarat,B30,13800.0
INV10467,18-25,Female,Kerala,T30,1000.0
INV10468,36-45,Other,Gujarat,T30,13000.0
INV10469,46-55,Female,Punjab,T30,8900.0
INV10470,26-35,Male,Telangana,B30,16900.0
INV10471,26-35,Other,Andhra Pradesh,T30,11200.0
INV10472,36-45,Male,West Bengal,T30,21300.0
INV10473,26-35,Male,Telangana,T30,19100.0
INV10474,18-25,Female,Delhi,T30,2400.0
INV10475,36-45,Female,Rajasthan,B30,11200.0
INV10476,36-45,Male,Telangana,B30,11800.0
INV10477,26-35,Female,West Bengal,B30,48000.0
INV10478,36-45,Male,Andhra Pradesh,T30,4400.0
INV10479,46-55,Male,Rajasthan,B30,8900.0
INV10480,26-35,Female,Kerala,B30,25900.0
INV10481,26-35,Male,Telangana,B30,19900.0
INV10482,36-45,Male,Andhra Pradesh,T30,14400.0
INV10483,26-35,Male,Uttar Pradesh,T30,5900.0
INV10484,26-35,Female,Rajasthan,B30,3600.0
INV10485,36-45,Other,Rajasthan,T30,9700.0
INV10486,56+,Male,Kerala,T30,6100.0
INV10487,26-35,Female,Madhya Pradesh,T30,18500.0
INV10488,36-45,Male,Karnataka,B30,17100.0
INV10489,36-45,Female,West Bengal,T30,27700.0
INV10490,36-45,Female,Bihar,T30,20200.0
INV10491,46-55,Female,Delhi,B30,27900.0
INV10492,18-25,Male,Haryana,T30,3100.0
INV10493,26-35,Male,Uttar Pradesh,T30,9900.0
INV10494,56+,Male,Uttar Pradesh,T30,21100.0
INV10495,36-45,Female,West Bengal,T30,14200.0
INV10496,18-25,Male,Delhi,T30,5000.0
INV10497,18-25,Female,Punjab,B30,4700.0
INV10498,36-45,Female,Uttar Pradesh,B30,20400.0
INV10499,36-45,Female,Haryana,T30,14000.0
INV10500,26-35,Male,Kerala,B30,33500.0
INV10501,36-45,Male,Tamil Nadu,T30,13200.0
INV10502,18-25,Male,Maharashtra,B30,5000.0
INV10503,26-35,Male,Maharashtra,T30,20200.0
INV10504,36-45,Female,Tamil Nadu,T30,8500.0
INV10505,36-45,Male,Kerala,T30,14300.0
INV10506,36-45,Male,Maharashtra,T30,19400.0
INV10507,26-35,Female,Gujarat,T30,42400.0
INV10508,36-45,Female,Bihar,B30,3200.0
INV10509,26-35,Male,Punjab,T30,16200.0
INV10510,36-45,Female,Haryana,B30,12600.0
INV10511,46-55,Female,Rajasthan,T30,2500.0
INV10512,46-55,Male,Madhya Pradesh,T30,8800.0
INV10513,26-35,Female,Karnataka,T30,9000.0
INV10514,26-35,Female,Punjab,B30,13000.0
INV10515,26-35,Male,Andhra Pradesh,B30,8300.0
INV10516,26-35,Female,Punjab,T30,14300.0
INV10517,26-35,Female,Karnataka,T30,7300.0
INV10518,26-35,Male,Gujarat,B30,6700.0
INV10519,26-35,Male,Haryana,T30,12200.0
INV10520,36-45,Male,Punjab,B30,10700.0
INV10521,18-25,Male,Rajasthan,B30,5300.0
INV10522,56+,Female,Delhi,T30,16600.0
INV10523,18-25,Male,Bihar,T30,2400.0
INV10524,36-45,Male,Maharashtra,T30,8000.0
INV10525,26-35,Male,Punjab,T30,10900.0
INV10526,18-25,Male,Madhya Pradesh,T30,1900.0
INV10527,36-45,Male,Maharashtra,B30,3600.0
INV10528,18-25,Male,Bihar,B30,2000.0
INV10529,36-45,Female,Tamil Nadu,T30,7400.0
INV10530,26-35,Male,Tamil Nadu,B30,10800.0
INV10531,26-35,Male,Madhya Pradesh,T30,12000.0
INV10532,36-45,Female,Gujarat,B30,22000.0
INV10533,36-45,Male,Telangana,T30,7500.0
INV10534,26-35,Male,West Bengal,B30,5700.0
INV10535,26-35,Male,Uttar Pradesh,T30,7000.0
INV10536,26-35,Male,Maharashtra,T30,16700.0
INV10537,26-35,Male,Haryana,B30,5100.0
INV10538,26-35,Male,Gujarat,T30,7300.0
INV10539,26-35,Male,Madhya Pradesh,B30,11300.0
INV10540,26-35,Male,Bihar,T30,10500.0
INV10541,56+,Female,Andhra Pradesh,T30,18200.0
INV10542,26-35,Male,Gujarat,T30,21200.0
INV10543,18-25,Male,Karnataka,T30,3900.0
INV10544,26-35,Male,Maharashtra,T30,24000.0
INV10545,26-35,Male,Andhra Pradesh,T30,7000.0
INV10546,36-45,Male,Madhya Pradesh,T30,7400.0
INV10547,26-35,Female,Punjab,T30,11700.0
INV10548,36-45,Male,Haryana,T30,3900.0
INV10549,26-35,Male,Haryana,T30,27700.0
INV10550,26-35,Male,Andhra Pradesh,B30,9900.0
INV10551,36-45,Male,West Bengal,T30,13200.0
INV10552,36-45,Female,Andhra Pradesh,B30,11400.0
INV10553,26-35,Male,Rajasthan,T30,5700.0
INV10554,26-35,Male,Kerala,T30,14400.0
INV10555,36-45,Female,Maharashtra,T30,5300.0
INV10556,26-35,Female,Delhi,B30,18000.0
INV10557,18-25,Female,West Bengal,T30,4500.0
INV10558,18-25,Male,Andhra Pradesh,T30,2000.0
INV10559,56+,Male,Punjab,T30,14400.0
INV10560,46-55,Male,Rajasthan,B30,3700.0
INV10561,36-45,Female,Tamil Nadu,T30,24200.0
INV10562,26-35,Male,Rajasthan,B30,18900.0
INV10563,36-45,Male,West Bengal,T30,51000.0
INV10564,36-45,Male,Kerala,T30,6700.0
INV10565,36-45,Female,Madhya Pradesh,T30,6600.0
INV10566,36-45,Male,Karnataka,T30,12800.0
INV10567,18-25,Male,Tamil Nadu,T30,3100.0
INV10568,26-35,Female,West Bengal,B30,9700.0
INV10569,26-35,Male,Rajasthan,T30,32200.0
INV10570,36-45,Male,Uttar Pradesh,T30,22300.0
INV10571,26-35,Male,Maharashtra,B30,21900.0
INV10572,46-55,Male,Haryana,B30,14200.0
INV10573,26-35,Male,Maharashtra,T30,22500.0
INV10574,18-25,Female,Bihar,T30,1700.0
INV10575,46-55,Female,Rajasthan,T30,17900.0
INV10576,18-25,Male,Haryana,B30,6000.0
INV10577,18-25,Male,Delhi,B30,2200.0
INV10578,46-55,Male,Delhi,B30,15200.0
INV10579,36-45,Male,West Bengal,B30,8000.0
INV10580,26-35,Female,Karnataka,T30,20300.0
INV10581,56+,Male,Andhra Pradesh,T30,3700.0
INV10582,36-45,Male,Delhi,B30,20200.0
INV10583,26-35,Female,Haryana,T30,13700.0
INV10584,18-25,Male,West Bengal,T30,2100.0
INV10585,26-35,Male,Delhi,T30,18000.0
INV10586,18-25,Male,Uttar Pradesh,B30,2700.0
INV10587,18-25,Female,Karnataka,B30,3100.0
INV10588,36-45,Male,Rajasthan,B30,20800.0
INV10589,36-45,Female,Kerala,T30,24000.0
INV10590,18-25,Male,West Bengal,T30,2100.0
INV10591,36-45,Male,Telangana,T30,11400.0
INV10592,26-35,Male,Telangana,T30,14700.0
INV10593,36-45,Male,Gujarat,B30,15100.0
INV10594,36-45,Male,Haryana,B30,9100.0
INV10595,46-55,Male,Telangana,B30,1900.0
INV10596,56+,Male,West Bengal,B30,4300.0
INV10597,56+,Female,Haryana,T30,4800.0
INV10598,26-35,Male,Punjab,T30,18200.0
INV10599,36-45,Other,Rajasthan,B30,8900.0
INV10600,56+,Male,Tamil Nadu,T30,11700.0
INV10601,26-35,Male,Gujarat,T30,21900.0
INV10602,36-45,Female,Rajasthan,T30,23000.0
INV10603,26-35,Male,West Bengal,B30,48900.0
INV10604,26-35,Male,Punjab,T30,20900.0
INV10605,18-25,Male,Karnataka,T30,2800.0
INV10606,46-55,Female,Bihar,T30,11500.0
INV10607,18-25,Male,Punjab,T30,5300.0
INV10608,26-35,Female,Madhya Pradesh,T30,5700.0
INV10609,26-35,Female,Gujarat,B30,10800.0
INV10610,46-55,Male,Andhra Pradesh,T30,11100.0
INV10611,36-45,Male,Bihar,T30,8200.0
INV10612,56+,Male,Tamil Nadu,T30,6200.0
INV10613,56+,Male,Telangana,T30,12600.0
INV10614,36-45,Female,Maharashtra,T30,16500.0
INV10615,18-25,Female,Delhi,T30,1500.0
INV10616,36-45,Female,West Bengal,T30,18100.0
INV10617,26-35,Female,Telangana,B30,14500.0
INV10618,36-45,Male,Tamil Nadu,T30,15300.0
INV10619,36-45,Female,Haryana,T30,19900.0
INV10620,36-45,Female,Tamil Nadu,T30,16800.0
INV10621,26-35,Female,Bihar,T30,27000.0
INV10622,26-35,Male,Uttar Pradesh,T30,10800.0
INV10623,56+,Male,Telangana,T30,4100.0
INV10624,46-55,Female,West Bengal,T30,14400.0
INV10625,46-55,Male,Telangana,B30,13600.0
INV10626,26-35,Male,West Bengal,T30,13900.0
INV10627,26-35,Male,Delhi,B30,4900.0
INV10628,36-45,Male,Uttar Pradesh,T30,18500.0
INV10629,36-45,Male,Andhra Pradesh,T30,9100.0
INV10630,46-55,Male,Uttar Pradesh,T30,3300.0
INV10631,26-35,Male,Kerala,T30,6000.0
INV10632,26-35,Female,Rajasthan,T30,4800.0
INV10633,26-35,Male,Tamil Nadu,B30,21100.0
INV10634,46-55,Female,West Bengal,T30,7300.0
INV10635,26-35,Female,Bihar,B30,4700.0
INV10636,26-35,Male,West Bengal,T30,16800.0
INV10637,36-45,Female,West Bengal,T30,12100.0
INV10638,26-35,Female,Bihar,T30,15300.0
INV10639,26-35,Male,Andhra Pradesh,T30,32600.0
INV10640,26-35,Female,Bihar,B30,7000.0
INV10641,36-45,Male,Andhra Pradesh,T30,14500.0
INV10642,26-35,Male,Bihar,T30,15100.0
INV10643,46-55,Male,Madhya Pradesh,B30,16000.0
INV10644,36-45,Male,Rajasthan,B30,11400.0
INV10645,36-45,Male,Maharashtra,T30,8300.0
INV10646,18-25,Male,Madhya Pradesh,T30,4100.0
INV10647,46-55,Female,Punjab,B30,16800.0
INV10648,36-45,Female,Rajasthan,T30,13800.0
INV10649,36-45,Male,Punjab,T30,4800.0
INV10650,46-55,Female,Karnataka,T30,8200.0
INV10651,26-35,Female,Andhra Pradesh,B30,6000.0
INV10652,18-25,Male,Punjab,T30,9100.0
INV10653,56+,Female,Uttar Pradesh,T30,7700.0
INV10654,56+,Male,Uttar Pradesh,B30,2100.0
INV10655,36-45,Female,Delhi,T30,4300.0
INV10656,46-55,Other,Punjab,T30,9300.0
INV10657,36-45,Female,Telangana,T30,26300.0
INV10658,36-45,Female,Delhi,B30,9000.0
INV10659,26-35,Male,Telangana,T30,14200.0
INV10660,36-45,Male,Telangana,T30,22100.0
INV10661,18-25,Male,Punjab,T30,5300.0
INV10662,56+,Male,Tamil Nadu,T30,30900.0
INV10663,46-55,Male,Delhi,B30,12400.0
INV10664,46-55,Female,Andhra Pradesh,T30,12100.0
INV10665,26-35,Female,West Bengal,T30,24800.0
INV10666,26-35,Male,Kerala,T30,25900.0
INV10667,18-25,Female,Telangana,T30,7800.0
INV10668,36-45,Male,West Bengal,B30,15700.0
INV10669,56+,Male,Gujarat,B30,4200.0
INV10670,36-45,Female,Telangana,B30,2500.0
INV10671,36-45,Male,Haryana,B30,19600.0
INV10672,26-35,Male,Delhi,T30,3800.0
INV10673,46-55,Female,Telangana,T30,4000.0
INV10674,46-55,Male,Rajasthan,T30,1400.0
INV10675,26-35,Male,Bihar,T30,4500.0
INV10676,26-35,Male,Delhi,T30,15300.0
INV10677,56+,Male,Maharashtra,T30,19400.0
INV10678,26-35,Female,Telangana,B30,7900.0
INV10679,18-25,Male,Rajasthan,T30,3000.0
INV10680,46-55,Female,Maharashtra,T30,6800.0
INV10681,46-55,Male,Gujarat,B30,10900.0
INV10682,26-35,Male,Karnataka,T30,28500.0
INV10683,36-45,Female,West Bengal,T30,7300.0
INV10684,18-25,Male,Delhi,T30,4300.0
INV10685,18-25,Female,Andhra Pradesh,B30,1900.0
INV10686,18-25,Male,Andhra Pradesh,T30,6800.0
INV10687,36-45,Female,Haryana,B30,14300.0
INV10688,46-55,Male,Tamil Nadu,T30,11600.0
INV10689,46-55,Female,Punjab,B30,12900.0
INV10690,36-45,Male,Haryana,T30,23300.0
INV10691,56+,Other,Gujarat,T30,5900.0
INV10692,56+,Male,West Bengal,T30,30200.0
INV10693,36-45,Female,Punjab,T30,10300.0
INV10694,26-35,Male,Tamil Nadu,B30,8100.0
INV10695,46-55,Male,Rajasthan,T30,21800.0
INV10696,26-35,Male,Andhra Pradesh,B30,11700.0
INV10697,56+,Male,Gujarat,B30,2900.0
INV10698,26-35,Male,Maharashtra,T30,20500.0
INV10699,26-35,Male,Karnataka,B30,14800.0
INV10700,18-25,Male,Tamil Nadu,B30,1500.0
INV10701,26-35,Female,Delhi,B30,19100.0
INV10702,26-35,Female,Tamil Nadu,B30,13200.0
INV10703,18-25,Male,Bihar,T30,2800.0
INV10704,26-35,Male,Tamil Nadu,B30,8000.0
INV10705,36-45,Male,Delhi,B30,7400.0
INV10706,36-45,Male,Maharashtra,T30,10400.0
INV10707,36-45,Female,Madhya Pradesh,B30,11400.0
INV10708,36-45,Female,Karnataka,T30,8100.0
INV10709,36-45,Male,Uttar Pradesh,B30,35200.0
INV10710,36-45,Male,Tamil Nadu,T30,5900.0
INV10711,56+,Male,Bihar,T30,23100.0
INV10712,26-35,Male,Tamil Nadu,T30,9500.0
INV10713,26-35,Female,Andhra Pradesh,B30,15300.0
INV10714,56+,Female,Haryana,T30,10000.0
INV10715,18-25,Female,Punjab,T30,3300.0
INV10716,26-35,Female,Delhi,T30,21000.0
INV10717,26-35,Female,Uttar Pradesh,B30,15300.0
INV10718,36-45,Male,Maharashtra,B30,3200.0
INV10719,26-35,Female,Punjab,T30,17500.0
INV10720,26-35,Male,Madhya Pradesh,T30,18100.0
INV10721,26-35,Male,Rajasthan,B30,2700.0
INV10722,36-45,Male,Telangana,T30,19000.0
INV10723,56+,Male,Tamil Nadu,B30,18600.0
INV10724,26-35,Female,Punjab,T30,13800.0
INV10725,26-35,Female,Bihar,T30,12000.0
INV10726,36-45,Male,Bihar,T30,7400.0
INV10727,36-45,Male,Bihar,T30,3300.0
INV10728,36-45,Other,Karnataka,B30,30100.0
INV10729,46-55,Female,West Bengal,B30,3000.0
INV10730,18-25,Male,Rajasthan,B30,3300.0
INV10731,26-35,Female,Madhya Pradesh,T30,23200.0
INV10732,26-35,Male,Punjab,T30,13400.0
INV10733,36-45,Male,Uttar Pradesh,T30,17900.0
INV10734,26-35,Male,Punjab,T30,8900.0
INV10735,26-35,Male,Madhya Pradesh,T30,9500.0
INV10736,26-35,Female,Punjab,T30,15200.0
INV10737,36-45,Male,Gujarat,B30,12500.0
INV10738,26-35,Female,Delhi,T30,5000.0
INV10739,36-45,Male,Karnataka,T30,12000.0
INV10740,36-45,Female,Tamil Nadu,T30,27100.0
INV10741,26-35,Female,Karnataka,T30,5000.0
INV10742,18-25,Male,Rajasthan,B30,6200.0
INV10743,36-45,Female,West Bengal,B30,12900.0
INV10744,26-35,Male,Punjab,B30,3300.0
INV10745,36-45,Female,Madhya Pradesh,T30,3300.0
INV10746,46-55,Male,Telangana,B30,20200.0
INV10747,46-55,Male,Kerala,T30,17200.0
INV10748,36-45,Male,Karnataka,T30,25500.0
INV10749,26-35,Male,Punjab,T30,10000.0
INV10750,26-35,Male,Uttar Pradesh,B30,13900.0
INV10751,26-35,Female,Punjab,T30,24200.0
INV10752,26-35,Male,Telangana,B30,17200.0
INV10753,36-45,Male,Rajasthan,T30,26600.0
INV10754,36-45,Male,Gujarat,T30,21100.0
INV10755,36-45,Female,Andhra Pradesh,B30,8000.0
INV10756,56+,Female,West Bengal,T30,11300.0
INV10757,46-55,Female,West Bengal,B30,3400.0
INV10758,46-55,Female,Madhya Pradesh,B30,2800.0
INV10759,56+,Male,Kerala,T30,3500.0
INV10760,26-35,Male,Punjab,T30,15500.0
INV10761,26-35,Female,Rajasthan,T30,18100.0
INV10762,18-25,Female,Madhya Pradesh,T30,4800.0
INV10763,26-35,Female,Delhi,B30,9800.0
INV10764,36-45,Female,Madhya Pradesh,B30,17200.0
INV10765,18-25,Male,Kerala,T30,6800.0
INV10766,56+,Female,Rajasthan,T30,12700.0
INV10767,56+,Female,Maharashtra,T30,9000.0
INV10768,18-25,Female,Bihar,B30,7500.0
INV10769,36-45,Male,Kerala,B30,4700.0
INV10770,26-35,Male,Haryana,T30,8100.0
INV10771,26-35,Female,Bihar,B30,19000.0
INV10772,26-35,Female,Gujarat,T30,28700.0
INV10773,18-25,Male,Punjab,B30,1400.0
INV10774,26-35,Male,Punjab,B30,15900.0
INV10775,26-35,Female,Bihar,T30,14900.0
INV10776,36-45,Male,Delhi,T30,5600.0
INV10777,26-35,Male,Rajasthan,T30,4000.0
INV10778,26-35,Female,Maharashtra,B30,9200.0
INV10779,36-45,Male,Uttar Pradesh,T30,8000.0
INV10780,26-35,Male,Tamil Nadu,B30,7700.0
INV10781,26-35,Male,West Bengal,T30,9800.0
INV10782,36-45,Female,Maharashtra,T30,15800.0
INV10783,36-45,Other,Delhi,B30,5200.0
INV10784,18-25,Male,Karnataka,B30,3300.0
INV10785,26-35,Male,Madhya Pradesh,B30,12100.0
INV10786,36-45,Male,Tamil Nadu,B30,3900.0
INV10787,26-35,Female,Telangana,B30,26900.0
INV10788,26-35,Male,Gujarat,T30,33700.0
INV10789,36-45,Male,Telangana,B30,16400.0
INV10790,26-35,Female,Maharashtra,T30,12500.0
INV10791,26-35,Male,Maharashtra,B30,29100.0
INV10792,26-35,Male,Rajasthan,B30,17100.0
INV10793,26-35,Female,Gujarat,B30,2600.0
INV10794,26-35,Female,Kerala,B30,4500.0
INV10795,26-35,Female,Telangana,T30,7500.0
INV10796,36-45,Female,Andhra Pradesh,T30,15700.0
INV10797,18-25,Male,Maharashtra,B30,3400.0
INV10798,18-25,Female,Rajasthan,T30,6100.0
INV10799,36-45,Male,Bihar,T30,3100.0
INV10800,18-25,Female,Gujarat,B30,1700.0
INV10801,36-45,Female,Delhi,T30,20600.0
INV10802,26-35,Female,Maharashtra,T30,6900.0
INV10803,36-45,Female,Kerala,B30,9100.0
INV10804,36-45,Male,Gujarat,B30,11400.0
INV10805,36-45,Female,Rajasthan,B30,11300.0
INV10806,56+,Male,Kerala,T30,13200.0
INV10807,36-45,Male,Haryana,T30,12400.0
INV10808,26-35,Female,Tamil Nadu,T30,35100.0
INV10809,46-55,Female,Rajasthan,B30,2300.0
INV10810,26-35,Male,Bihar,B30,11400.0
INV10811,36-45,Male,West Bengal,B30,22800.0
INV10812,26-35,Male,Uttar Pradesh,B30,10700.0
INV10813,26-35,Male,Telangana,T30,8400.0
INV10814,18-25,Male,Haryana,B30,5400.0
INV10815,26-35,Male,Gujarat,B30,3000.0
INV10816,46-55,Male,Andhra Pradesh,T30,15800.0
INV10817,18-25,Female,Punjab,B30,2200.0
INV10818,36-45,Female,Rajasthan,T30,5300.0
INV10819,18-25,Male,Punjab,B30,3200.0
INV10820,56+,Male,Punjab,T30,12400.0
INV10821,46-55,Female,Maharashtra,T30,12000.0
INV10822,26-35,Female,Andhra Pradesh,T30,11600.0
INV10823,36-45,Female,Telangana,B30,10000.0
INV10824,18-25,Male,Tamil Nadu,T30,2600.0
INV10825,26-35,Female,West Bengal,T30,24900.0
INV10826,36-45,Male,Delhi,T30,26300.0
INV10827,26-35,Female,Haryana,T30,14200.0
INV10828,26-35,Male,Maharashtra,T30,5900.0
INV10829,18-25,Male,Delhi,T30,3400.0
INV10830,56+,Female,West Bengal,B30,17000.0
INV10831,26-35,Male,Delhi,T30,7200.0
INV10832,36-45,Male,Kerala,T30,10900.0
INV10833,26-35,Male,Gujarat,T30,22700.0
INV10834,18-25,Male,Maharashtra,B30,2400.0
INV10835,26-35,Male,Karnataka,T30,7900.0
INV10836,26-35,Male,West Bengal,B30,8300.0
INV10837,18-25,Female,Delhi,B30,4900.0
INV10838,18-25,Female,Rajasthan,T30,2200.0
INV10839,36-45,Male,Andhra Pradesh,T30,4600.0
INV10840,46-55,Female,Bihar,B30,5200.0
INV10841,18-25,Male,Karnataka,B30,2600.0
INV10842,36-45,Male,Maharashtra,B30,3600.0
INV10843,46-55,Male,Delhi,B30,16600.0
INV10844,26-35,Male,Andhra Pradesh,T30,25800.0
INV10845,26-35,Female,Maharashtra,T30,11200.0
INV10846,18-25,Male,Kerala,T30,8000.0
INV10847,26-35,Male,Punjab,B30,13700.0
INV10848,46-55,Male,Maharashtra,T30,9200.0
INV10849,56+,Male,Bihar,T30,18200.0
INV10850,36-45,Male,Tamil Nadu,T30,6500.0
INV10851,26-35,Male,West Bengal,B30,10900.0
INV10852,46-55,Male,Punjab,B30,6700.0
INV10853,46-55,Female,Uttar Pradesh,B30,6800.0
INV10854,36-45,Male,Bihar,T30,16100.0
INV10855,36-45,Female,Delhi,T30,3200.0
INV10856,26-35,Male,West Bengal,T30,12900.0
INV10857,26-35,Male,Madhya Pradesh,T30,18500.0
INV10858,36-45,Female,Bihar,B30,5600.0
INV10859,36-45,Male,Uttar Pradesh,T30,9900.0
INV10860,46-55,Male,Uttar Pradesh,B30,5000.0
INV10861,26-35,Male,Tamil Nadu,T30,32300.0
INV10862,26-35,Male,Andhra Pradesh,T30,9100.0
INV10863,26-35,Female,Maharashtra,T30,20300.0
INV10864,26-35,Male,Andhra Pradesh,T30,2300.0
INV10865,46-55,Male,Maharashtra,B30,17300.0
INV10866,26-35,Male,Punjab,T30,4900.0
INV10867,46-55,Male,Madhya Pradesh,T30,9300.0
INV10868,26-35,Male,Tamil Nadu,T30,5800.0
INV10869,46-55,Male,West Bengal,T30,12700.0
INV10870,36-45,Male,Rajasthan,T30,16000.0
INV10871,26-35,Male,Telangana,T30,21000.0
INV10872,36-45,Female,Maharashtra,T30,23400.0
INV10873,26-35,Female,West Bengal,T30,11300.0
INV10874,36-45,Male,Bihar,B30,14800.0
INV10875,36-45,Male,Delhi,T30,13800.0
INV10876,26-35,Male,Telangana,T30,6200.0
INV10877,56+,Female,Telangana,B30,18200.0
INV10878,36-45,Male,Tamil Nadu,B30,2500.0
INV10879,26-35,Female,Gujarat,T30,6900.0
INV10880,46-55,Male,Madhya Pradesh,T30,3100.0
INV10881,36-45,Male,Haryana,T30,9500.0
INV10882,36-45,Male,Karnataka,T30,7800.0
INV10883,46-55,Male,Madhya Pradesh,B30,10300.0
INV10884,46-55,Male,Maharashtra,T30,8100.0
INV10885,26-35,Male,Gujarat,T30,6400.0
INV10886,26-35,Male,Punjab,T30,11500.0
INV10887,26-35,Female,Rajasthan,B30,16700.0
INV10888,36-45,Male,Haryana,T30,8600.0
INV10889,26-35,Male,Tamil Nadu,B30,9900.0
INV10890,56+,Male,Kerala,B30,4900.0
INV10891,26-35,Female,Punjab,T30,10400.0
INV10892,18-25,Male,Punjab,B30,6500.0
INV10893,36-45,Male,Telangana,T30,7100.0
INV10894,26-35,Female,Rajasthan,B30,10800.0
INV10895,26-35,Male,Maharashtra,T30,5300.0
INV10896,36-45,Male,Uttar Pradesh,T30,10200.0
INV10897,26-35,Female,West Bengal,B30,20000.0
INV10898,36-45,Male,Rajasthan,B30,23500.0
INV10899,36-45,Male,Madhya Pradesh,T30,19300.0
INV10900,26-35,Male,Andhra Pradesh,T30,15900.0
INV10901,26-35,Male,Rajasthan,T30,16100.0
INV10902,18-25,Female,Tamil Nadu,B30,3900.0
INV10903,26-35,Female,Rajasthan,T30,23000.0
INV10904,36-45,Male,Punjab,T30,5800.0
INV10905,26-35,Male,Tamil Nadu,T30,10200.0
INV10906,26-35,Male,Uttar Pradesh,B30,16600.0
INV10907,36-45,Male,Gujarat,B30,10000.0
INV10908,18-25,Female,Andhra Pradesh,T30,4800.0
INV10909,26-35,Male,West Bengal,B30,12900.0
INV10910,36-45,Male,Telangana,T30,23200.0
INV10911,36-45,Female,Uttar Pradesh,T30,17700.0
INV10912,26-35,Male,West Bengal,B30,4100.0
INV10913,18-25,Male,Maharashtra,B30,2600.0
INV10914,36-45,Male,Uttar Pradesh,T30,35000.0
INV10915,26-35,Female,Bihar,B30,4300.0
INV10916,46-55,Male,Uttar Pradesh,B30,12200.0
INV10917,36-45,Male,Telangana,T30,15400.0
INV10918,26-35,Female,Tamil Nadu,T30,29300.0
INV10919,26-35,Male,Kerala,B30,2800.0
INV10920,26-35,Female,West Bengal,B30,8700.0
INV10921,46-55,Female,Bihar,T30,10300.0
INV10922,46-55,Male,Uttar Pradesh,B30,5300.0
INV10923,18-25,Female,Maharashtra,T30,7700.0
INV10924,56+,Male,Punjab,T30,29200.0
INV10925,18-25,Male,Madhya Pradesh,T30,4200.0
INV10926,46-55,Male,Bihar,T30,11000.0
INV10927,36-45,Female,Madhya Pradesh,T30,6800.0
INV10928,26-35,Female,Telangana,T30,12800.0
INV10929,36-45,Male,Delhi,B30,3900.0
INV10930,26-35,Female,Maharashtra,T30,15400.0
INV10931,46-55,Male,Haryana,B30,5800.0
INV10932,56+,Female,Uttar Pradesh,T30,12200.0
INV10933,18-25,Male,West Bengal,T30,2100.0
INV10934,18-25,Female,Andhra Pradesh,T30,2200.0
INV10935,46-55,Male,West Bengal,T30,15100.0
INV10936,46-55,Male,Kerala,B30,9700.0
INV10937,18-25,Male,Telangana,T30,1700.0
INV10938,46-55,Female,Gujarat,T30,6200.0
INV10939,26-35,Female,Tamil Nadu,T30,7600.0
INV10940,26-35,Male,West Bengal,T30,11100.0
INV10941,26-35,Male,Rajasthan,T30,6500.0
INV10942,26-35,Female,Tamil Nadu,T30,10300.0
INV10943,46-55,Male,Haryana,T30,9300.0
INV10944,46-55,Female,Rajasthan,T30,4300.0
INV10945,56+,Male,Bihar,T30,7600.0
INV10946,26-35,Female,Gujarat,T30,5000.0
INV10947,26-35,Female,Gujarat,B30,9000.0
INV10948,26-35,Female,Haryana,T30,13300.0
INV10949,26-35,Female,Karnataka,B30,23900.0
INV10950,46-55,Male,Rajasthan,T30,20400.0
INV10951,26-35,Female,Gujarat,T30,7100.0
INV10952,46-55,Female,Kerala,T30,3000.0
INV10953,46-55,Female,Gujarat,T30,11500.0
INV10954,26-35,Female,Telangana,T30,2900.0
INV10955,36-45,Male,Punjab,B30,16700.0
INV10956,26-35,Male,Madhya Pradesh,T30,6800.0
INV10957,56+,Female,Telangana,B30,3200.0
INV10958,26-35,Male,West Bengal,T30,9500.0
INV10959,56+,Male,Punjab,B30,10400.0
INV10960,26-35,Female,Haryana,T30,9500.0
INV10961,36-45,Female,Bihar,T30,15200.0
INV10962,26-35,Male,Gujarat,T30,10400.0
INV10963,26-35,Male,Telangana,T30,19600.0
INV10964,26-35,Male,Madhya Pradesh,T30,11200.0
INV10965,56+,Female,Punjab,B30,12000.0
INV10966,36-45,Male,Delhi,B30,14200.0
INV10967,26-35,Female,Delhi,B30,1600.0
INV10968,26-35,Female,Telangana,T30,11000.0
INV10969,36-45,Male,West Bengal,B30,8000.0
INV10970,26-35,Male,Kerala,T30,11700.0
INV10971,18-25,Male,Karnataka,T30,3000.0
INV10972,46-55,Female,Punjab,T30,5200.0
INV10973,26-35,Male,Kerala,T30,12700.0
INV10974,26-35,Male,Rajasthan,T30,28700.0
INV10975,56+,Female,Uttar Pradesh,T30,6200.0
INV10976,26-35,Male,Tamil Nadu,T30,4400.0
INV10977,36-45,Male,Punjab,T30,9200.0
INV10978,56+,Female,Punjab,T30,2300.0
INV10979,56+,Male,Haryana,T30,5500.0
INV10980,36-45,Male,Tamil Nadu,T30,8700.0
INV10981,46-55,Male,Gujarat,T30,1100.0
INV10982,26-35,Female,Gujarat,B30,19100.0
INV10983,26-35,Female,Madhya Pradesh,B30,2300.0
INV10984,36-45,Female,Bihar,T30,37800.0
INV10985,18-25,Female,Gujarat,T30,1900.0
INV10986,36-45,Male,Uttar Pradesh,T30,17000.0
INV10987,26-35,Male,Rajasthan,B30,27300.0
INV10988,18-25,Female,Gujarat,T30,3500.0
INV10989,26-35,Female,Rajasthan,T30,4000.0
INV10990,26-35,Male,West Bengal,B30,4000.0
INV10991,46-55,Female,Madhya Pradesh,T30,9900.0
INV10992,46-55,Male,Punjab,B30,4000.0
INV10993,36-45,Female,Uttar Pradesh,T30,6100.0
INV10994,26-35,Male,Kerala,B30,16400.0
INV10995,26-35,Male,Telangana,B30,27000.0
INV10996,18-25,Female,Maharashtra,B30,1100.0
INV10997,26-35,Male,Gujarat,T30,29900.0
INV10998,36-45,Male,Uttar Pradesh,T30,10400.0
INV10999,26-35,Male,Madhya Pradesh,B30,20500.0
INV11000,36-45,Male,West Bengal,T30,12200.0
INV11001,26-35,Female,Telangana,T30,11700.0
INV11002,26-35,Female,West Bengal,T30,7000.0
INV11003,36-45,Female,Delhi,T30,28300.0
INV11004,26-35,Male,Rajasthan,T30,14200.0
INV11005,18-25,Female,Punjab,B30,2800.0
INV11006,18-25,Male,Maharashtra,T30,1800.0
INV11007,46-55,Female,West Bengal,B30,10000.0
INV11008,18-25,Male,Uttar Pradesh,T30,3900.0
INV11009,18-25,Male,Kerala,T30,3800.0
INV11010,36-45,Male,West Bengal,T30,5200.0
INV11011,46-55,Male,Telangana,T30,15500.0
INV11012,26-35,Male,Uttar Pradesh,B30,27400.0
INV11013,26-35,Male,West Bengal,B30,11200.0
INV11014,36-45,Male,Maharashtra,T30,7500.0
INV11015,36-45,Male,Bihar,B30,35600.0
INV11016,36-45,Female,Gujarat,T30,17000.0
INV11017,18-25,Male,Rajasthan,T30,3600.0
INV11018,56+,Male,Kerala,B30,5600.0
INV11019,18-25,Male,Rajasthan,T30,2200.0
INV11020,18-25,Male,Tamil Nadu,B30,3400.0
INV11021,56+,Male,Karnataka,T30,2500.0
INV11022,36-45,Male,Tamil Nadu,T30,24800.0
INV11023,56+,Male,Madhya Pradesh,B30,5900.0
INV11024,26-35,Male,Madhya Pradesh,T30,28400.0
INV11025,26-35,Male,Haryana,B30,38500.0
INV11026,26-35,Male,Madhya Pradesh,T30,16400.0
INV11027,56+,Female,Gujarat,T30,16600.0
INV11028,46-55,Male,Madhya Pradesh,B30,7100.0
INV11029,36-45,Female,Haryana,T30,22600.0
INV11030,56+,Male,Rajasthan,T30,3400.0
INV11031,26-35,Female,Punjab,T30,6200.0
INV11032,46-55,Male,Kerala,B30,18000.0
INV11033,36-45,Female,Karnataka,T30,32900.0
INV11034,36-45,Male,Kerala,T30,36700.0
INV11035,18-25,Male,Bihar,T30,6200.0
INV11036,56+,Female,Delhi,T30,6900.0
INV11037,26-35,Male,Karnataka,B30,40900.0
INV11038,18-25,Female,Haryana,B30,2400.0
INV11039,18-25,Male,Gujarat,T30,1200.0
INV11040,56+,Female,Bihar,T30,2400.0
INV11041,36-45,Female,Madhya Pradesh,T30,29300.0
INV11042,18-25,Male,Gujarat,B30,1300.0
INV11043,26-35,Female,Delhi,B30,4200.0
INV11044,36-45,Male,Tamil Nadu,B30,8300.0
INV11045,36-45,Male,Karnataka,B30,15500.0
INV11046,26-35,Female,Kerala,T30,3300.0
INV11047,36-45,Male,Maharashtra,T30,3700.0
INV11048,26-35,Male,Delhi,T30,11000.0
INV11049,26-35,Male,Karnataka,B30,13300.0
INV11050,26-35,Female,Uttar Pradesh,T30,4300.0
INV11051,36-45,Female,Delhi,T30,4900.0
INV11052,36-45,Female,Maharashtra,T30,5800.0
INV11053,36-45,Male,Karnataka,T30,12600.0
INV11054,56+,Female,Rajasthan,B30,8000.0
INV11055,26-35,Female,Delhi,B30,10600.0
INV11056,46-55,Male,Telangana,B30,4400.0
INV11057,46-55,Female,West Bengal,T30,13800.0
INV11058,36-45,Male,Delhi,T30,6600.0
INV11059,26-35,Male,Kerala,T30,23500.0
INV11060,26-35,Male,Karnataka,T30,21300.0
INV11061,26-35,Male,Andhra Pradesh,T30,7500.0
INV11062,56+,Male,Bihar,T30,8900.0
INV11063,18-25,Female,Gujarat,T30,2900.0
INV11064,46-55,Male,Bihar,B30,5600.0
INV11065,18-25,Male,Rajasthan,B30,2700.0
INV11066,46-55,Male,Punjab,B30,3600.0
INV11067,18-25,Male,Karnataka,T30,5000.0
INV11068,26-35,Male,Rajasthan,B30,11800.0
INV11069,36-45,Male,Uttar Pradesh,T30,11400.0
INV11070,18-25,Female,Bihar,B30,600.0
INV11071,18-25,Female,Bihar,B30,4000.0
INV11072,46-55,Male,Maharashtra,T30,8300.0
INV11073,56+,Female,Madhya Pradesh,T30,8200.0
INV11074,46-55,Male,Uttar Pradesh,T30,14200.0
INV11075,18-25,Male,Madhya Pradesh,B30,5100.0
INV11076,46-55,Female,Tamil Nadu,T30,5200.0
INV11077,26-35,Female,Haryana,B30,20200.0
INV11078,26-35,Female,Kerala,T30,28300.0
INV11079,26-35,Male,Karnataka,T30,11100.0
INV11080,36-45,Male,Andhra Pradesh,B30,9300.0
INV11081,56+,Male,Gujarat,B30,7900.0
INV11082,56+,Female,Rajasthan,T30,1500.0
INV11083,26-35,Male,Maharashtra,T30,11200.0
INV11084,36-45,Female,Bihar,T30,8000.0
INV11085,26-35,Male,Telangana,B30,12700.0
INV11086,26-35,Male,Karnataka,B30,6100.0
INV11087,26-35,Female,Gujarat,T30,20000.0
INV11088,26-35,Male,Uttar Pradesh,B30,18700.0
INV11089,46-55,Female,Kerala,T30,9500.0
INV11090,26-35,Male,Andhra Pradesh,B30,11700.0
INV11091,46-55,Female,Rajasthan,T30,15500.0
INV11092,56+,Male,Delhi,T30,4000.0
INV11093,36-45,Male,Andhra Pradesh,B30,8000.0
INV11094,36-45,Female,Gujarat,T30,13300.0
INV11095,36-45,Male,Bihar,T30,30300.0
INV11096,18-25,Female,Rajasthan,T30,1800.0
INV11097,26-35,Male,Haryana,T30,4900.0
INV11098,18-25,Male,Delhi,T30,4400.0
INV11099,36-45,Female,Maharashtra,T30,4000.0
INV11100,18-25,Female,Kerala,T30,2700.0
INV11101,18-25,Female,Andhra Pradesh,T30,3100.0
INV11102,36-45,Male,Karnataka,T30,9400.0
INV11103,26-35,Female,Andhra Pradesh,B30,4000.0
INV11104,26-35,Male,Haryana,T30,8200.0
INV11105,56+,Female,Maharashtra,T30,11200.0
INV11106,36-45,Male,Haryana,T30,20700.0
INV11107,46-55,Female,Tamil Nadu,B30,16000.0
INV11108,36-45,Male,Haryana,T30,14700.0
INV11109,18-25,Male,Karnataka,B30,2900.0
INV11110,26-35,Female,Delhi,B30,8900.0
INV11111,46-55,Male,Rajasthan,T30,25800.0
INV11112,46-55,Male,Madhya Pradesh,T30,5200.0
INV11113,36-45,Female,Delhi,T30,4400.0
INV11114,36-45,Male,Bihar,B30,8700.0
INV11115,26-35,Female,Haryana,B30,21200.0
INV11116,46-55,Male,Delhi,T30,8900.0
INV11117,56+,Male,Karnataka,T30,22200.0
INV11118,56+,Male,Madhya Pradesh,B30,5700.0
INV11119,18-25,Male,West Bengal,B30,5800.0
INV11120,56+,Female,Telangana,B30,3300.0
INV11121,26-35,Male,Bihar,B30,3400.0
INV11122,26-35,Female,Punjab,T30,35000.0
INV11123,26-35,Male,Madhya Pradesh,T30,7500.0
INV11124,36-45,Female,Kerala,B30,36500.0
INV11125,36-45,Female,Bihar,T30,16700.0
INV11126,26-35,Female,Gujarat,T30,4800.0
INV11127,26-35,Female,Karnataka,B30,8200.0
INV11128,26-35,Male,Delhi,T30,25200.0
INV11129,36-45,Female,Kerala,T30,15000.0
INV11130,26-35,Other,Delhi,T30,15300.0
INV11131,46-55,Male,Rajasthan,B30,12100.0
INV11132,56+,Female,Punjab,T30,12100.0
INV11133,36-45,Male,Andhra Pradesh,T30,16200.0
INV11134,26-35,Male,Punjab,T30,56700.0
INV11135,26-35,Male,Gujarat,T30,33300.0
INV11136,26-35,Female,Telangana,T30,9700.0
INV11137,26-35,Male,Madhya Pradesh,T30,30800.0
INV11138,36-45,Male,Uttar Pradesh,T30,9200.0
INV11139,26-35,Female,Uttar Pradesh,B30,5300.0
INV11140,56+,Female,Madhya Pradesh,T30,9200.0
INV11141,36-45,Male,Uttar Pradesh,T30,23600.0
INV11142,26-35,Male,Telangana,T30,13300.0
INV11143,18-25,Male,Karnataka,T30,5500.0
INV11144,56+,Male,Bihar,T30,8700.0
INV11145,18-25,Male,Telangana,T30,1200.0
INV11146,26-35,Male,Madhya Pradesh,B30,10800.0
INV11147,26-35,Male,Andhra Pradesh,T30,48100.0
INV11148,26-35,Male,Tamil Nadu,T30,19500.0
INV11149,46-55,Male,Bihar,B30,13600.0
INV11150,36-45,Male,Maharashtra,B30,21000.0
INV11151,36-45,Male,Haryana,T30,65100.0
INV11152,26-35,Female,Maharashtra,T30,18900.0
INV11153,46-55,Male,Tamil Nadu,B30,4600.0
INV11154,26-35,Male,Kerala,T30,21200.0
INV11155,18-25,Female,Rajasthan,T30,2100.0
INV11156,36-45,Male,Uttar Pradesh,T30,14000.0
INV11157,36-45,Male,Bihar,T30,9200.0
INV11158,26-35,Male,Maharashtra,T30,28900.0
INV11159,26-35,Female,Andhra Pradesh,T30,3900.0
INV11160,36-45,Male,Uttar Pradesh,B30,4700.0
INV11161,26-35,Female,Delhi,B30,12000.0
INV11162,26-35,Female,West Bengal,T30,11100.0
INV11163,36-45,Female,Telangana,B30,7500.0
INV11164,18-25,Female,Uttar Pradesh,T30,4300.0
INV11165,18-25,Male,Gujarat,B30,3900.0
INV11166,18-25,Female,Punjab,T30,6200.0
INV11167,26-35,Male,Bihar,T30,4100.0
INV11168,26-35,Female,West Bengal,T30,8800.0
INV11169,26-35,Female,Karnataka,B30,16500.0
INV11170,36-45,Female,Tamil Nadu,T30,12600.0
INV11171,26-35,Male,Haryana,B30,6100.0
INV11172,18-25,Female,Haryana,T30,6200.0
INV11173,36-45,Female,Andhra Pradesh,B30,15600.0
INV11174,46-55,Female,Madhya Pradesh,T30,20700.0
INV11175,26-35,Male,Maharashtra,B30,20600.0
INV11176,26-35,Female,Rajasthan,T30,7400.0
INV11177,18-25,Female,Telangana,T30,3800.0
INV11178,46-55,Female,Andhra Pradesh,T30,6100.0
INV11179,56+,Male,Telangana,T30,4000.0
INV11180,18-25,Male,Karnataka,B30,2600.0
INV11181,36-45,Male,Madhya Pradesh,B30,2500.0
INV11182,36-45,Male,Telangana,T30,21800.0
INV11183,56+,Female,West Bengal,T30,15300.0
INV11184,26-35,Male,Punjab,T30,4800.0
INV11185,36-45,Male,Maharashtra,T30,29100.0
INV11186,36-45,Female,Kerala,T30,14000.0
INV11187,26-35,Male,Madhya Pradesh,T30,21700.0
INV11188,56+,Male,Tamil Nadu,T30,8000.0
INV11189,36-45,Male,West Bengal,B30,7100.0
INV11190,36-45,Male,Andhra Pradesh,T30,5700.0
INV11191,26-35,Male,Punjab,T30,15300.0
INV11192,36-45,Male,Karnataka,B30,18300.0
INV11193,26-35,Female,Rajasthan,T30,8600.0
INV11194,26-35,Female,Punjab,B30,15300.0
INV11195,46-55,Female,Rajasthan,T30,15800.0
INV11196,18-25,Male,Haryana,T30,3900.0
INV11197,36-45,Male,Gujarat,B30,19700.0
INV11198,46-55,Female,Telangana,T30,15900.0
INV11199,18-25,Female,Punjab,T30,10200.0
INV11200,46-55,Male,West Bengal,B30,9100.0
INV11201,26-35,Female,Haryana,T30,4600.0
INV11202,46-55,Male,Karnataka,T30,3200.0
INV11203,46-55,Male,Punjab,T30,12900.0
INV11204,36-45,Male,Andhra Pradesh,T30,7700.0
INV11205,56+,Male,Andhra Pradesh,T30,14400.0
INV11206,26-35,Female,Gujarat,T30,9600.0
INV11207,46-55,Male,Maharashtra,B30,19800.0
INV11208,26-35,Male,Karnataka,T30,20400.0
INV11209,36-45,Male,Maharashtra,T30,13300.0
INV11210,26-35,Male,Andhra Pradesh,T30,39100.0
INV11211,46-55,Female,Maharashtra,T30,12600.0
INV11212,26-35,Female,Bihar,T30,12600.0
INV11213,26-35,Female,Delhi,B30,11900.0
INV11214,46-55,Female,Rajasthan,T30,5700.0
INV11215,26-35,Male,Karnataka,B30,9600.0
INV11216,18-25,Male,Telangana,B30,1100.0
INV11217,26-35,Male,Andhra Pradesh,T30,17700.0
INV11218,36-45,Other,West Bengal,B30,9200.0
INV11219,26-35,Male,Maharashtra,T30,40900.0
INV11220,56+,Female,Uttar Pradesh,B30,5800.0
INV11221,18-25,Male,Tamil Nadu,T30,2200.0
INV11222,26-35,Female,Haryana,T30,17200.0
INV11223,36-45,Female,Karnataka,T30,14400.0
INV11224,26-35,Female,Andhra Pradesh,T30,3400.0
INV11225,18-25,Male,Gujarat,T30,2800.0
INV11226,26-35,Male,West Bengal,T30,19200.0
INV11227,26-35,Male,Uttar Pradesh,T30,20600.0
INV11228,46-55,Female,Tamil Nadu,B30,14600.0
INV11229,18-25,Female,Uttar Pradesh,T30,12900.0
INV11230,36-45,Female,Rajasthan,B30,9800.0
INV11231,36-45,Male,Haryana,T30,5700.0
INV11232,26-35,Female,West Bengal,B30,15100.0
INV11233,26-35,Male,Andhra Pradesh,T30,30700.0
INV11234,36-45,Female,Haryana,B30,21700.0
INV11235,26-35,Male,Punjab,T30,28500.0
INV11236,18-25,Male,West Bengal,B30,2200.0
INV11237,26-35,Female,Telangana,T30,23700.0
INV11238,46-55,Male,Tamil Nadu,T30,8400.0
INV11239,36-45,Male,Tamil Nadu,T30,13000.0
INV11240,36-45,Female,Punjab,T30,16900.0
INV11241,36-45,Female,Delhi,B30,14100.0
INV11242,36-45,Female,Tamil Nadu,T30,5600.0
INV11243,26-35,Male,Telangana,T30,8400.0
INV11244,18-25,Female,West Bengal,B30,3300.0
INV11245,26-35,Female,Madhya Pradesh,T30,29500.0
INV11246,46-55,Female,Tamil Nadu,B30,2100.0
INV11247,36-45,Male,Tamil Nadu,T30,10900.0
INV11248,26-35,Female,Delhi,T30,20300.0
INV11249,18-25,Female,Karnataka,B30,2700.0
INV11250,18-25,Female,Telangana,T30,9300.0
INV11251,36-45,Female,Maharashtra,B30,13600.0
INV11252,26-35,Male,Kerala,B30,9600.0
INV11253,36-45,Female,Andhra Pradesh,T30,14200.0
INV11254,26-35,Male,Karnataka,T30,1800.0
INV11255,36-45,Male,Tamil Nadu,T30,7900.0
INV11256,26-35,Male,West Bengal,T30,33300.0
INV11257,26-35,Male,Gujarat,B30,2300.0
INV11258,46-55,Male,Tamil Nadu,B30,23400.0
INV11259,26-35,Female,West Bengal,T30,7600.0
INV11260,26-35,Male,Maharashtra,T30,8200.0
INV11261,36-45,Female,Delhi,B30,9000.0
INV11262,36-45,Female,West Bengal,T30,12200.0
INV11263,36-45,Female,Bihar,T30,7100.0
INV11264,56+,Male,Punjab,B30,10300.0
INV11265,36-45,Male,Uttar Pradesh,B30,19900.0
INV11266,26-35,Male,Andhra Pradesh,T30,3000.0
INV11267,36-45,Female,Karnataka,T30,7900.0
INV11268,26-35,Male,Rajasthan,B30,11500.0
INV11269,46-55,Male,Rajasthan,T30,5100.0
INV11270,26-35,Male,West Bengal,B30,10200.0
INV11271,18-25,Female,Delhi,B30,1700.0
INV11272,18-25,Female,Haryana,B30,3800.0
INV11273,36-45,Male,Bihar,B30,6900.0
INV11274,26-35,Female,Delhi,T30,4500.0
INV11275,36-45,Female,Tamil Nadu,B30,17800.0
INV11276,36-45,Male,Bihar,B30,2300.0
INV11277,18-25,Female,Telangana,T30,4500.0
INV11278,46-55,Female,Delhi,T30,5200.0
INV11279,26-35,Male,Bihar,T30,6800.0
INV11280,36-45,Female,Andhra Pradesh,T30,52700.0
INV11281,36-45,Male,West Bengal,T30,16900.0
INV11282,46-55,Female,West Bengal,B30,9700.0
INV11283,36-45,Male,Tamil Nadu,T30,25600.0
INV11284,26-35,Male,Uttar Pradesh,B30,11600.0
INV11285,26-35,Male,Uttar Pradesh,B30,10800.0
INV11286,36-45,Female,Delhi,T30,14700.0
INV11287,26-35,Male,Bihar,B30,16300.0
INV11288,36-45,Male,West Bengal,B30,14000.0
INV11289,26-35,Male,Bihar,T30,20500.0
INV11290,56+,Female,West Bengal,T30,11500.0
INV11291,56+,Female,Delhi,B30,10900.0
INV11292,26-35,Male,Gujarat,B30,6300.0
INV11293,46-55,Female,Tamil Nadu,B30,3300.0
INV11294,26-35,Male,Kerala,T30,9400.0
INV11295,46-55,Male,Karnataka,B30,29900.0
INV11296,46-55,Female,Gujarat,T30,8300.0
INV11297,46-55,Male,Bihar,T30,11400.0
INV11298,46-55,Female,Delhi,T30,13200.0
INV11299,56+,Female,Karnataka,T30,7000.0
INV11300,36-45,Female,Delhi,B30,11400.0
INV11301,26-35,Male,Bihar,B30,24000.0
INV11302,26-35,Male,West Bengal,T30,18900.0
INV11303,26-35,Male,Andhra Pradesh,T30,18700.0
INV11304,18-25,Female,West Bengal,T30,1500.0
INV11305,26-35,Male,Bihar,B30,14900.0
INV11306,26-35,Female,Telangana,T30,6000.0
INV11307,56+,Male,Delhi,T30,4300.0
INV11308,26-35,Other,Uttar Pradesh,T30,6500.0
INV11309,18-25,Male,West Bengal,T30,5500.0
INV11310,46-55,Male,Rajasthan,B30,6100.0
INV11311,26-35,Female,Punjab,T30,9500.0
INV11312,36-45,Female,Rajasthan,B30,7700.0
INV11313,46-55,Male,Telangana,T30,7100.0
INV11314,26-35,Male,Delhi,B30,11400.0
INV11315,26-35,Female,Rajasthan,T30,13200.0
INV11316,26-35,Male,Gujarat,T30,3400.0
INV11317,36-45,Male,Madhya Pradesh,T30,9900.0
INV11318,26-35,Male,Andhra Pradesh,T30,28800.0
INV11319,18-25,Male,Maharashtra,B30,1400.0
INV11320,46-55,Male,Delhi,B30,16300.0
INV11321,46-55,Female,Punjab,B30,10600.0
INV11322,18-25,Male,Andhra Pradesh,T30,1200.0
INV11323,56+,Male,Maharashtra,T30,14100.0
INV11324,36-45,Female,Haryana,B30,10300.0
INV11325,36-45,Male,Bihar,B30,10300.0
INV11326,46-55,Female,Kerala,T30,10900.0
INV11327,46-55,Male,Kerala,T30,9500.0
INV11328,36-45,Male,Maharashtra,T30,9100.0
INV11329,26-35,Male,Madhya Pradesh,T30,13800.0
INV11330,26-35,Male,Delhi,B30,22400.0
INV11331,18-25,Male,Tamil Nadu,T30,4800.0
INV11332,18-25,Male,Delhi,T30,4300.0
INV11333,18-25,Male,Kerala,T30,2600.0
INV11334,36-45,Male,Kerala,T30,20700.0
INV11335,18-25,Female,Delhi,B30,2400.0
INV11336,26-35,Female,Rajasthan,T30,6400.0
INV11337,26-35,Male,Gujarat,B30,24700.0
INV11338,36-45,Female,Maharashtra,B30,13300.0
INV11339,26-35,Male,Rajasthan,T30,4100.0
INV11340,56+,Female,Haryana,B30,8100.0
INV11341,36-45,Male,Gujarat,T30,16000.0
INV11342,26-35,Female,Kerala,T30,19000.0
INV11343,18-25,Female,Gujarat,B30,4400.0
INV11344,26-35,Female,Kerala,T30,9000.0
INV11345,36-45,Male,Telangana,T30,12400.0
INV11346,26-35,Female,Andhra Pradesh,T30,12600.0
INV11347,26-35,Female,Bihar,T30,3900.0
INV11348,18-25,Female,Rajasthan,T30,8600.0
INV11349,26-35,Female,Delhi,B30,10600.0
INV11350,46-55,Male,Bihar,T30,4800.0
INV11351,26-35,Male,Karnataka,T30,17500.0
INV11352,18-25,Male,Telangana,B30,2100.0
INV11353,36-45,Female,Gujarat,B30,8000.0
INV11354,26-35,Male,Telangana,T30,18400.0
INV11355,18-25,Female,Andhra Pradesh,T30,3600.0
INV11356,26-35,Female,Punjab,B30,5400.0
INV11357,36-45,Male,Kerala,T30,14700.0
INV11358,18-25,Male,Punjab,T30,4000.0
INV11359,18-25,Male,Telangana,T30,4800.0
INV11360,18-25,Female,Kerala,T30,5300.0
INV11361,36-45,Female,Haryana,T30,19900.0
INV11362,26-35,Male,Haryana,B30,6200.0
INV11363,26-35,Male,Rajasthan,T30,6300.0
INV11364,26-35,Male,Uttar Pradesh,T30,25200.0
INV11365,26-35,Female,Tamil Nadu,T30,5000.0
INV11366,36-45,Male,Madhya Pradesh,B30,3200.0
INV11367,26-35,Female,Gujarat,T30,15200.0
INV11368,18-25,Male,Haryana,B30,1500.0
INV11369,36-45,Male,Gujarat,T30,14900.0
INV11370,26-35,Female,Kerala,B30,33500.0
INV11371,36-45,Male,Telangana,B30,9500.0
INV11372,36-45,Female,Bihar,T30,16700.0
INV11373,18-25,Female,Punjab,B30,2900.0
INV11374,26-35,Female,Delhi,T30,5900.0
INV11375,26-35,Female,Uttar Pradesh,B30,4200.0
INV11376,36-45,Male,Maharashtra,T30,15800.0
INV11377,26-35,Male,Haryana,T30,31800.0
INV11378,26-35,Female,Bihar,T30,5600.0
INV11379,26-35,Female,Uttar Pradesh,T30,8600.0
INV11380,46-55,Male,Punjab,T30,1900.0
INV11381,26-35,Male,Maharashtra,B30,16000.0
INV11382,46-55,Male,Rajasthan,T30,11900.0
INV11383,26-35,Female,Haryana,T30,13600.0
INV11384,26-35,Female,Maharashtra,B30,17200.0
INV11385,36-45,Male,Karnataka,B30,10900.0
INV11386,36-45,Male,Bihar,T30,17200.0
INV11387,18-25,Female,Gujarat,T30,2600.0
INV11388,26-35,Female,Punjab,B30,7600.0
INV11389,36-45,Male,Punjab,T30,13700.0
INV11390,26-35,Male,Telangana,T30,13600.0
INV11391,46-55,Male,Tamil Nadu,T30,2800.0
INV11392,18-25,Female,Tamil Nadu,B30,1500.0
INV11393,36-45,Female,Telangana,T30,20800.0
INV11394,26-35,Male,Telangana,B30,8700.0
INV11395,36-45,Female,Punjab,B30,6100.0
INV11396,56+,Male,Gujarat,B30,2700.0
INV11397,46-55,Female,Uttar Pradesh,T30,11600.0
INV11398,36-45,Male,Rajasthan,T30,5100.0
INV11399,26-35,Female,Bihar,T30,7300.0
INV11400,36-45,Male,Uttar Pradesh,T30,22600.0
INV11401,36-45,Male,Karnataka,T30,19900.0
INV11402,26-35,Female,Bihar,T30,5500.0
INV11403,46-55,Male,West Bengal,T30,4400.0
INV11404,26-35,Male,Maharashtra,T30,33100.0
INV11405,26-35,Female,Uttar Pradesh,T30,13800.0
INV11406,36-45,Female,Maharashtra,T30,14700.0
INV11407,36-45,Male,Andhra Pradesh,T30,12600.0
INV11408,36-45,Male,Rajasthan,T30,15400.0
INV11409,36-45,Female,Madhya Pradesh,B30,9200.0
INV11410,26-35,Male,Tamil Nadu,B30,15900.0
INV11411,46-55,Male,Telangana,B30,6700.0
INV11412,18-25,Female,Telangana,B30,3800.0
INV11413,26-35,Male,Kerala,B30,18600.0
INV11414,18-25,Female,Uttar Pradesh,T30,2800.0
INV11415,26-35,Female,Gujarat,T30,12500.0
INV11416,26-35,Male,Tamil Nadu,T30,23200.0
INV11417,56+,Male,Punjab,T30,6000.0
INV11418,46-55,Female,Kerala,T30,5900.0
INV11419,56+,Male,Rajasthan,T30,3900.0
INV11420,26-35,Male,Maharashtra,T30,19100.0
INV11421,46-55,Male,Uttar Pradesh,T30,7200.0
INV11422,26-35,Male,Karnataka,B30,25200.0
INV11423,26-35,Male,Haryana,B30,10500.0
INV11424,36-45,Male,Maharashtra,B30,21700.0
INV11425,18-25,Male,Andhra Pradesh,T30,3100.0
INV11426,26-35,Female,Telangana,B30,18100.0
INV11427,26-35,Female,Haryana,T30,17400.0
INV11428,36-45,Male,Gujarat,B30,13300.0
INV11429,26-35,Male,Uttar Pradesh,T30,15000.0
INV11430,36-45,Female,Gujarat,T30,12800.0
INV11431,26-35,Male,Haryana,B30,11400.0
INV11432,26-35,Male,Tamil Nadu,T30,11700.0
INV11433,36-45,Female,Kerala,T30,24200.0
INV11434,26-35,Male,Gujarat,B30,14100.0
INV11435,36-45,Female,West Bengal,B30,7100.0
INV11436,36-45,Female,Punjab,T30,8700.0
INV11437,26-35,Male,Gujarat,T30,6200.0
INV11438,46-55,Male,Karnataka,T30,4300.0
INV11439,56+,Male,Maharashtra,T30,5100.0
INV11440,56+,Female,Madhya Pradesh,B30,18800.0
INV11441,26-35,Female,Maharashtra,B30,8100.0
INV11442,36-45,Male,Andhra Pradesh,B30,5300.0
INV11443,18-25,Male,Bihar,T30,4300.0
INV11444,56+,Female,Delhi,T30,7400.0
INV11445,36-45,Male,Delhi,B30,21900.0
INV11446,36-45,Male,Kerala,T30,25600.0
INV11447,26-35,Male,Maharashtra,T30,11500.0
INV11448,26-35,Female,Delhi,T30,33800.0
INV11449,18-25,Female,Bihar,B30,6500.0
INV11450,46-55,Male,Punjab,T30,11200.0
INV11451,36-45,Male,Madhya Pradesh,B30,20900.0
INV11452,36-45,Female,West Bengal,T30,9300.0
INV11453,18-25,Female,Gujarat,T30,3800.0
INV11454,36-45,Male,Andhra Pradesh,T30,30100.0
INV11455,46-55,Male,Delhi,T30,17600.0
INV11456,26-35,Female,Tamil Nadu,T30,9100.0
INV11457,26-35,Male,Telangana,T30,16200.0
INV11458,26-35,Male,Uttar Pradesh,B30,14800.0
INV11459,46-55,Male,Telangana,T30,7200.0
INV11460,26-35,Female,Maharashtra,T30,13600.0
INV11461,36-45,Male,Gujarat,T30,13400.0
INV11462,46-55,Male,Gujarat,T30,2300.0
INV11463,46-55,Male,Karnataka,B30,9800.0
INV11464,46-55,Female,Haryana,T30,4400.0
INV11465,18-25,Male,Kerala,B30,3900.0
INV11466,46-55,Male,Bihar,B30,13400.0
INV11467,46-55,Female,Uttar Pradesh,B30,5000.0
INV11468,26-35,Female,Maharashtra,T30,7600.0
INV11469,56+,Male,Punjab,T30,11000.0
INV11470,46-55,Male,Andhra Pradesh,B30,9500.0
INV11471,26-35,Female,Uttar Pradesh,T30,14400.0
INV11472,26-35,Male,Bihar,T30,13400.0
INV11473,26-35,Female,Andhra Pradesh,B30,6100.0
INV11474,46-55,Male,Bihar,T30,15000.0
INV11475,36-45,Male,Telangana,T30,6400.0
INV11476,46-55,Female,West Bengal,T30,3200.0
INV11477,36-45,Male,Delhi,B30,8700.0
INV11478,26-35,Female,Bihar,B30,4500.0
INV11479,18-25,Female,Kerala,B30,1900.0
INV11480,26-35,Male,Karnataka,T30,7800.0
INV11481,26-35,Male,Gujarat,T30,12800.0
INV11482,36-45,Female,Punjab,T30,5100.0
INV11483,36-45,Male,Uttar Pradesh,B30,17600.0
INV11484,26-35,Female,Haryana,T30,16500.0
INV11485,18-25,Male,Rajasthan,B30,2700.0
INV11486,56+,Female,Maharashtra,T30,6300.0
INV11487,26-35,Male,Maharashtra,B30,11200.0
INV11488,26-35,Female,Madhya Pradesh,T30,30300.0
INV11489,36-45,Male,Delhi,B30,14800.0
INV11490,56+,Male,Haryana,T30,13600.0
INV11491,46-55,Female,Delhi,T30,25200.0
INV11492,56+,Female,Bihar,T30,11100.0
INV11493,46-55,Female,Punjab,B30,8700.0
INV11494,26-35,Male,Andhra Pradesh,T30,6900.0
INV11495,18-25,Female,Gujarat,B30,4600.0
INV11496,36-45,Male,Rajasthan,T30,15900.0
INV11497,26-35,Male,Madhya Pradesh,T30,11000.0
INV11498,46-55,Female,Telangana,T30,9400.0
INV11499,36-45,Male,Kerala,T30,15100.0
INV11500,56+,Male,Tamil Nadu,T30,8100.0
INV11501,26-35,Female,Maharashtra,T30,9700.0
INV11502,36-45,Male,Delhi,T30,6100.0
INV11503,18-25,Female,Tamil Nadu,T30,5500.0
INV11504,26-35,Male,Kerala,T30,7500.0
INV11505,18-25,Female,Bihar,B30,7100.0
INV11506,26-35,Male,Kerala,T30,27300.0
INV11507,36-45,Male,Uttar Pradesh,T30,2300.0
INV11508,46-55,Male,West Bengal,B30,19900.0
INV11509,18-25,Female,Andhra Pradesh,T30,4500.0
INV11510,36-45,Female,Karnataka,T30,5500.0
INV11511,18-25,Male,Delhi,B30,1900.0
INV11512,18-25,Female,Haryana,B30,4000.0
INV11513,18-25,Male,Uttar Pradesh,B30,1100.0
INV11514,26-35,Male,Maharashtra,T30,34600.0
INV11515,26-35,Male,Gujarat,T30,4100.0
INV11516,26-35,Female,Andhra Pradesh,T30,3500.0
INV11517,36-45,Male,Maharashtra,B30,18400.0
INV11518,36-45,Male,Madhya Pradesh,B30,16600.0
INV11519,36-45,Male,Delhi,T30,15500.0
INV11520,26-35,Male,Bihar,T30,12700.0
INV11521,26-35,Other,Kerala,B30,2100.0
INV11522,36-45,Male,Maharashtra,T30,8500.0
INV11523,26-35,Male,Uttar Pradesh,B30,17000.0
INV11524,26-35,Male,West Bengal,T30,22400.0
INV11525,18-25,Male,Gujarat,B30,2000.0
INV11526,26-35,Male,Telangana,T30,7800.0
INV11527,36-45,Male,Punjab,T30,11800.0
INV11528,36-45,Male,West Bengal,T30,9600.0
INV11529,26-35,Male,Telangana,B30,8000.0
INV11530,36-45,Female,Punjab,B30,2700.0
INV11531,26-35,Male,Andhra Pradesh,B30,5500.0
INV11532,26-35,Male,Tamil Nadu,T30,3700.0
INV11533,46-55,Female,Madhya Pradesh,T30,8700.0
INV11534,26-35,Male,Uttar Pradesh,B30,14700.0
INV11535,26-35,Male,Haryana,T30,17400.0
INV11536,26-35,Male,Kerala,T30,15400.0
INV11537,56+,Male,Haryana,T30,28900.0
INV11538,36-45,Female,Tamil Nadu,T30,15800.0
INV11539,18-25,Female,Andhra Pradesh,T30,3600.0
INV11540,26-35,Male,Andhra Pradesh,T30,17700.0
INV11541,56+,Male,Haryana,T30,8800.0
INV11542,46-55,Female,Karnataka,T30,7700.0
INV11543,18-25,Male,Gujarat,B30,1800.0
INV11544,26-35,Male,Delhi,T30,2500.0
INV11545,36-45,Female,Gujarat,T30,5900.0
INV11546,36-45,Female,Karnataka,T30,24900.0
INV11547,46-55,Male,Punjab,T30,13000.0
INV11548,46-55,Male,Tamil Nadu,T30,13700.0
INV11549,26-35,Male,Andhra Pradesh,T30,29300.0
INV11550,46-55,Male,Maharashtra,T30,5500.0
INV11551,36-45,Male,Madhya Pradesh,B30,20500.0
INV11552,26-35,Male,Tamil Nadu,T30,6000.0
INV11553,36-45,Male,Bihar,B30,1900.0
INV11554,46-55,Female,Maharashtra,T30,27400.0
INV11555,26-35,Male,Haryana,B30,11600.0
INV11556,26-35,Female,West Bengal,B30,10900.0
INV11557,36-45,Female,Punjab,T30,5200.0
INV11558,26-35,Female,West Bengal,T30,8900.0
INV11559,56+,Female,Maharashtra,T30,15500.0
INV11560,46-55,Male,Uttar Pradesh,B30,1300.0
INV11561,36-45,Male,Uttar Pradesh,T30,4500.0
INV11562,26-35,Male,Kerala,B30,9700.0
INV11563,18-25,Male,Haryana,B30,1700.0
INV11564,46-55,Male,Kerala,B30,9900.0
INV11565,26-35,Male,Rajasthan,T30,19800.0
INV11566,36-45,Male,Bihar,B30,13100.0
INV11567,18-25,Female,Uttar Pradesh,T30,7400.0
INV11568,18-25,Female,Kerala,T30,1200.0
INV11569,46-55,Male,Maharashtra,B30,15000.0
INV11570,26-35,Female,Tamil Nadu,B30,12200.0
INV11571,56+,Male,Delhi,B30,1500.0
INV11572,26-35,Female,Maharashtra,T30,35600.0
INV11573,26-35,Female,Telangana,T30,54800.0
INV11574,26-35,Male,Maharashtra,B30,23000.0
INV11575,18-25,Male,Telangana,B30,2500.0
INV11576,36-45,Other,Punjab,T30,17900.0
INV11577,26-35,Female,Rajasthan,B30,5400.0
INV11578,56+,Female,Haryana,B30,9800.0
INV11579,26-35,Male,Haryana,T30,5600.0
INV11580,26-35,Male,Tamil Nadu,B30,17300.0
INV11581,18-25,Female,Madhya Pradesh,T30,1500.0
INV11582,26-35,Female,Kerala,T30,5200.0
INV11583,56+,Female,Madhya Pradesh,T30,13600.0
INV11584,26-35,Female,Telangana,T30,4700.0
INV11585,18-25,Male,Andhra Pradesh,T30,5000.0
INV11586,36-45,Male,Bihar,T30,3600.0
INV11587,26-35,Male,Maharashtra,B30,7500.0
INV11588,56+,Female,Maharashtra,T30,4500.0
INV11589,26-35,Male,Delhi,B30,6900.0
INV11590,46-55,Male,Uttar Pradesh,T30,2700.0
INV11591,46-55,Female,Punjab,B30,4400.0
INV11592,18-25,Male,Bihar,B30,2200.0
INV11593,26-35,Female,Telangana,T30,6100.0
INV11594,36-45,Male,Tamil Nadu,B30,3300.0
INV11595,26-35,Female,Rajasthan,T30,14000.0
INV11596,36-45,Male,Rajasthan,B30,5800.0
INV11597,18-25,Male,Gujarat,T30,5500.0
INV11598,26-35,Male,Madhya Pradesh,B30,9400.0
INV11599,26-35,Female,Karnataka,B30,7200.0
INV11600,26-35,Male,Delhi,T30,6000.0
INV11601,18-25,Male,Rajasthan,B30,500.0
INV11602,26-35,Male,Tamil Nadu,T30,27200.0
INV11603,36-45,Male,West Bengal,T30,7300.0
INV11604,18-25,Female,Maharashtra,T30,3700.0
INV11605,46-55,Female,Punjab,T30,7100.0
INV11606,26-35,Male,Haryana,T30,15400.0
INV11607,26-35,Female,Haryana,T30,10300.0
INV11608,36-45,Male,Gujarat,T30,9000.0
INV11609,56+,Male,West Bengal,T30,5000.0
INV11610,46-55,Female,Gujarat,T30,15000.0
INV11611,26-35,Female,Andhra Pradesh,B30,21900.0
INV11612,26-35,Male,Rajasthan,T30,17100.0
INV11613,56+,Female,Tamil Nadu,T30,3000.0
INV11614,26-35,Male,Telangana,T30,8800.0
INV11615,26-35,Female,Haryana,T30,36500.0
INV11616,26-35,Female,Punjab,T30,15900.0
INV11617,26-35,Male,Madhya Pradesh,B30,4200.0
INV11618,46-55,Male,Kerala,B30,6400.0
INV11619,26-35,Female,Andhra Pradesh,T30,8300.0
INV11620,56+,Female,Madhya Pradesh,B30,3700.0
INV11621,36-45,Male,Andhra Pradesh,T30,13700.0
INV11622,56+,Male,Bihar,T30,5600.0
INV11623,56+,Male,Kerala,B30,3600.0
INV11624,56+,Male,West Bengal,T30,29000.0
INV11625,36-45,Male,Tamil Nadu,T30,19100.0
INV11626,36-45,Female,Karnataka,T30,25300.0
INV11627,26-35,Male,Rajasthan,T30,18600.0
INV11628,36-45,Male,Kerala,T30,13000.0
INV11629,18-25,Female,Delhi,B30,1400.0
INV11630,46-55,Female,Delhi,B30,16700.0
INV11631,26-35,Male,Tamil Nadu,T30,5500.0
INV11632,46-55,Male,Tamil Nadu,B30,11500.0
INV11633,46-55,Male,Madhya Pradesh,T30,30100.0
INV11634,56+,Male,Madhya Pradesh,B30,12200.0
INV11635,18-25,Male,Telangana,T30,6300.0
INV11636,36-45,Female,Gujarat,B30,3200.0
INV11637,46-55,Female,West Bengal,T30,14800.0
INV11638,26-35,Male,Delhi,T30,9200.0
INV11639,18-25,Male,Tamil Nadu,B30,3200.0
INV11640,26-35,Male,Telangana,T30,33200.0
INV11641,56+,Female,Delhi,T30,20700.0
INV11642,46-55,Female,Delhi,T30,12000.0
INV11643,46-55,Male,West Bengal,B30,4100.0
INV11644,36-45,Female,Andhra Pradesh,T30,19100.0
INV11645,46-55,Female,Kerala,T30,13200.0
INV11646,26-35,Male,Madhya Pradesh,T30,31800.0
INV11647,18-25,Female,Punjab,T30,4100.0
INV11648,36-45,Female,Uttar Pradesh,T30,12200.0
INV11649,18-25,Male,Bihar,T30,3700.0
INV11650,18-25,Male,Andhra Pradesh,T30,7900.0
INV11651,36-45,Male,Maharashtra,B30,13700.0
INV11652,26-35,Female,Uttar Pradesh,T30,20300.0
INV11653,26-35,Female,Rajasthan,T30,34500.0
INV11654,36-45,Male,West Bengal,T30,14300.0
INV11655,26-35,Other,Bihar,B30,10200.0
INV11656,26-35,Other,Haryana,T30,15700.0
INV11657,36-45,Male,Uttar Pradesh,B30,19500.0
INV11658,46-55,Male,Telangana,B30,8100.0
INV11659,26-35,Female,Delhi,T30,21700.0
INV11660,26-35,Male,Gujarat,B30,6900.0
INV11661,36-45,Female,Andhra Pradesh,T30,8500.0
INV11662,26-35,Female,Karnataka,B30,7800.0
INV11663,26-35,Female,Karnataka,T30,18000.0
INV11664,26-35,Female,Bihar,B30,15200.0
INV11665,36-45,Male,West Bengal,T30,5200.0
INV11666,18-25,Male,Madhya Pradesh,T30,2500.0
INV11667,36-45,Male,Maharashtra,T30,4300.0
INV11668,26-35,Female,Rajasthan,T30,9000.0
INV11669,26-35,Female,Punjab,T30,16000.0
INV11670,36-45,Male,Rajasthan,B30,14700.0
INV11671,26-35,Female,Maharashtra,T30,6400.0
INV11672,26-35,Male,West Bengal,T30,13100.0
INV11673,26-35,Male,Gujarat,T30,5300.0
INV11674,18-25,Female,Haryana,T30,1700.0
INV11675,56+,Male,Kerala,B30,9100.0
INV11676,56+,Female,Uttar Pradesh,T30,11700.0
INV11677,46-55,Male,Andhra Pradesh,T30,11600.0
INV11678,56+,Female,Kerala,T30,2300.0
INV11679,26-35,Male,Delhi,T30,24000.0
INV11680,18-25,Female,Maharashtra,T30,2800.0
INV11681,46-55,Female,Andhra Pradesh,T30,7900.0
INV11682,36-45,Male,Karnataka,T30,24200.0
INV11683,26-35,Male,Tamil Nadu,T30,17200.0
INV11684,26-35,Male,Uttar Pradesh,B30,11300.0
INV11685,36-45,Female,Gujarat,T30,12700.0
INV11686,46-55,Male,Haryana,B30,2100.0
INV11687,36-45,Male,Rajasthan,B30,20000.0
INV11688,26-35,Female,Madhya Pradesh,T30,16200.0
INV11689,26-35,Male,Bihar,B30,28400.0
INV11690,26-35,Female,Gujarat,T30,14800.0
INV11691,18-25,Male,Tamil Nadu,T30,4400.0
INV11692,26-35,Male,Tamil Nadu,T30,3400.0
INV11693,36-45,Female,Uttar Pradesh,T30,8500.0
INV11694,26-35,Female,Kerala,B30,6600.0
INV11695,26-35,Female,Rajasthan,T30,29100.0
INV11696,46-55,Male,Telangana,B30,21700.0
INV11697,46-55,Male,Tamil Nadu,T30,19300.0
INV11698,26-35,Male,Gujarat,B30,18400.0
INV11699,26-35,Female,West Bengal,T30,19300.0
INV11700,26-35,Female,Andhra Pradesh,T30,18900.0
INV11701,36-45,Female,Haryana,B30,9100.0
INV11702,26-35,Female,Delhi,T30,17000.0
INV11703,18-25,Male,Kerala,T30,2400.0
INV11704,36-45,Male,Madhya Pradesh,T30,4000.0
INV11705,18-25,Female,Gujarat,B30,1300.0
INV11706,46-55,Female,Delhi,T30,13800.0
INV11707,18-25,Male,Gujarat,T30,4700.0
INV11708,26-35,Female,Delhi,T30,12500.0
INV11709,26-35,Male,Delhi,T30,21100.0
INV11710,26-35,Female,Rajasthan,B30,11300.0
INV11711,18-25,Female,Tamil Nadu,B30,4200.0
INV11712,26-35,Female,Karnataka,B30,8300.0
INV11713,56+,Male,Uttar Pradesh,T30,15000.0
INV11714,46-55,Male,Andhra Pradesh,T30,12700.0
INV11715,56+,Female,Haryana,T30,4600.0
INV11716,26-35,Male,Kerala,T30,12700.0
INV11717,56+,Female,Madhya Pradesh,B30,16000.0
INV11718,18-25,Male,Haryana,B30,1600.0
INV11719,26-35,Male,Bihar,B30,5900.0
INV11720,18-25,Male,Uttar Pradesh,T30,1000.0
INV11721,36-45,Female,Tamil Nadu,T30,5900.0
INV11722,36-45,Female,Punjab,T30,29900.0
INV11723,26-35,Male,Delhi,B30,23800.0
INV11724,26-35,Male,Andhra Pradesh,T30,4800.0
INV11725,36-45,Female,Karnataka,B30,20900.0
INV11726,26-35,Male,Karnataka,B30,19100.0
INV11727,26-35,Male,Kerala,T30,4600.0
INV11728,26-35,Female,Madhya Pradesh,T30,16200.0
INV11729,18-25,Male,Gujarat,T30,8500.0
INV11730,26-35,Female,Madhya Pradesh,T30,3000.0
INV11731,26-35,Male,Gujarat,T30,35300.0
INV11732,18-25,Male,Tamil Nadu,B30,1200.0
INV11733,36-45,Male,Uttar Pradesh,T30,11500.0
INV11734,18-25,Female,Haryana,B30,4000.0
INV11735,26-35,Female,Bihar,B30,22000.0
INV11736,26-35,Male,Madhya Pradesh,T30,8000.0
INV11737,36-45,Male,Karnataka,T30,29900.0
INV11738,26-35,Male,Gujarat,T30,27800.0
INV11739,26-35,Female,Uttar Pradesh,T30,6300.0
INV11740,26-35,Female,Kerala,T30,5200.0
INV11741,18-25,Male,Tamil Nadu,T30,7500.0
INV11742,56+,Other,Andhra Pradesh,T30,9200.0
INV11743,36-45,Female,Punjab,B30,13200.0
INV11744,36-45,Male,Kerala,T30,8900.0
INV11745,26-35,Female,Delhi,T30,28900.0
INV11746,46-55,Female,Madhya Pradesh,T30,2800.0
INV11747,26-35,Male,Uttar Pradesh,T30,9500.0
INV11748,18-25,Male,Tamil Nadu,T30,2100.0
INV11749,46-55,Female,Gujarat,T30,3500.0
INV11750,18-25,Other,Haryana,T30,3500.0
INV11751,26-35,Male,Maharashtra,B30,10200.0
INV11752,18-25,Female,Telangana,T30,3700.0
INV11753,56+,Female,Bihar,B30,6600.0
INV11754,56+,Male,Andhra Pradesh,B30,3600.0
INV11755,46-55,Male,Rajasthan,T30,14000.0
INV11756,26-35,Male,Andhra Pradesh,T30,7700.0
INV11757,26-35,Male,Rajasthan,B30,23700.0
INV11758,26-35,Male,Andhra Pradesh,T30,22300.0
INV11759,26-35,Female,Punjab,B30,13000.0
INV11760,18-25,Male,Telangana,B30,5000.0
INV11761,46-55,Male,Maharashtra,T30,3200.0
INV11762,18-25,Male,West Bengal,T30,5200.0
INV11763,18-25,Male,Andhra Pradesh,T30,1200.0
INV11764,56+,Female,Andhra Pradesh,T30,8200.0
INV11765,26-35,Male,Gujarat,T30,44700.0
INV11766,18-25,Male,Telangana,T30,2500.0
INV11767,26-35,Male,Gujarat,T30,11000.0
INV11768,18-25,Male,Andhra Pradesh,T30,6500.0
INV11769,26-35,Female,Gujarat,B30,14600.0
INV11770,26-35,Male,Tamil Nadu,T30,7000.0
INV11771,36-45,Male,West Bengal,T30,13800.0
INV11772,46-55,Male,Delhi,B30,22600.0
INV11773,36-45,Female,Maharashtra,B30,7000.0
INV11774,36-45,Female,West Bengal,B30,6000.0
INV11775,18-25,Female,Haryana,T30,7500.0
INV11776,36-45,Male,Telangana,B30,10900.0
INV11777,46-55,Female,Tamil Nadu,B30,12100.0
INV11778,56+,Male,Madhya Pradesh,T30,14200.0
INV11779,36-45,Male,Tamil Nadu,B30,13600.0
INV11780,26-35,Female,West Bengal,B30,22500.0
INV11781,26-35,Male,Bihar,B30,19600.0
INV11782,56+,Male,Punjab,B30,3100.0
INV11783,56+,Male,Haryana,B30,10400.0
INV11784,56+,Female,Bihar,B30,7200.0
INV11785,36-45,Male,Andhra Pradesh,T30,10200.0
INV11786,26-35,Female,Rajasthan,T30,8600.0
INV11787,18-25,Male,Delhi,T30,1900.0
INV11788,26-35,Male,Tamil Nadu,T30,10100.0
INV11789,56+,Other,Madhya Pradesh,T30,9000.0
INV11790,26-35,Male,Tamil Nadu,B30,21400.0
INV11791,26-35,Male,Gujarat,B30,5400.0
INV11792,26-35,Male,West Bengal,T30,13700.0
INV11793,18-25,Female,Rajasthan,T30,4000.0
INV11794,36-45,Female,Gujarat,T30,5300.0
INV11795,46-55,Female,Karnataka,B30,8200.0
INV11796,46-55,Female,Kerala,T30,8500.0
INV11797,26-35,Male,Bihar,T30,4600.0
INV11798,26-35,Male,Tamil Nadu,T30,1600.0
INV11799,36-45,Male,Maharashtra,T30,7600.0
INV11800,36-45,Male,West Bengal,T30,8200.0
INV11801,26-35,Male,Tamil Nadu,T30,5200.0
INV11802,36-45,Female,Kerala,T30,11900.0
INV11803,46-55,Female,Haryana,B30,17700.0
INV11804,26-35,Male,Rajasthan,T30,7000.0
INV11805,18-25,Female,Rajasthan,B30,2300.0
INV11806,36-45,Male,Kerala,T30,9800.0
INV11807,18-25,Male,Madhya Pradesh,T30,1900.0
INV11808,26-35,Female,Karnataka,B30,12700.0
INV11809,26-35,Female,Maharashtra,T30,27400.0
INV11810,36-45,Female,Rajasthan,B30,10600.0
INV11811,26-35,Male,Kerala,T30,5700.0
INV11812,46-55,Male,Karnataka,B30,8200.0
INV11813,36-45,Male,Tamil Nadu,T30,24800.0
INV11814,36-45,Female,West Bengal,T30,18400.0
INV11815,26-35,Male,Uttar Pradesh,T30,17400.0
INV11816,46-55,Female,Karnataka,T30,4800.0
INV11817,26-35,Male,Telangana,B30,3700.0
INV11818,56+,Male,Delhi,T30,11500.0
INV11819,36-45,Male,Bihar,T30,2800.0
INV11820,26-35,Female,Uttar Pradesh,T30,9600.0
INV11821,26-35,Female,Telangana,B30,9900.0
INV11822,26-35,Female,Rajasthan,B30,3500.0
INV11823,26-35,Female,Rajasthan,T30,20500.0
INV11824,36-45,Male,Telangana,T30,17800.0
INV11825,46-55,Female,Gujarat,T30,9200.0
INV11826,18-25,Other,Tamil Nadu,B30,4600.0
INV11827,36-45,Female,West Bengal,T30,3200.0
INV11828,26-35,Male,Haryana,T30,11200.0
INV11829,46-55,Female,West Bengal,T30,13600.0
INV11830,26-35,Male,Delhi,B30,13200.0
INV11831,56+,Female,Maharashtra,T30,3000.0
INV11832,36-45,Female,West Bengal,B30,22100.0
INV11833,26-35,Male,Maharashtra,T30,11600.0
INV11834,56+,Female,Haryana,T30,6700.0
INV11835,46-55,Male,Kerala,T30,12100.0
INV11836,26-35,Male,Andhra Pradesh,T30,5100.0
INV11837,26-35,Female,Gujarat,T30,18500.0
INV11838,36-45,Male,Tamil Nadu,T30,10500.0
INV11839,18-25,Male,Maharashtra,T30,2500.0
INV11840,46-55,Female,Maharashtra,T30,36400.0
INV11841,18-25,Female,Karnataka,T30,3100.0
INV11842,56+,Male,West Bengal,T30,2700.0
INV11843,36-45,Female,Andhra Pradesh,T30,13300.0
INV11844,26-35,Male,Tamil Nadu,T30,3200.0
INV11845,18-25,Male,Madhya Pradesh,T30,2600.0
INV11846,26-35,Female,Uttar Pradesh,T30,19600.0
INV11847,26-35,Female,Madhya Pradesh,B30,21000.0
INV11848,18-25,Male,Uttar Pradesh,T30,2400.0
INV11849,36-45,Male,Telangana,B30,11800.0
INV11850,18-25,Female,Tamil Nadu,T30,4600.0
INV11851,18-25,Female,Gujarat,T30,5400.0
INV11852,26-35,Female,Karnataka,B30,16000.0
INV11853,26-35,Male,Kerala,B30,3300.0
INV11854,26-35,Female,Haryana,T30,12000.0
INV11855,36-45,Female,Gujarat,T30,56000.0
INV11856,36-45,Male,Tamil Nadu,T30,4200.0
INV11857,36-45,Female,Bihar,B30,14000.0
INV11858,36-45,Male,Gujarat,T30,10200.0
INV11859,46-55,Male,Bihar,T30,14100.0
INV11860,56+,Female,Andhra Pradesh,B30,12400.0
INV11861,46-55,Male,Maharashtra,T30,4800.0
INV11862,26-35,Male,Bihar,T30,6800.0
INV11863,46-55,Female,West Bengal,B30,5400.0
INV11864,18-25,Male,Uttar Pradesh,T30,1300.0
INV11865,36-45,Female,Maharashtra,T30,8300.0
INV11866,26-35,Male,Gujarat,B30,15600.0
INV11867,18-25,Male,Haryana,T30,6800.0
INV11868,26-35,Male,Maharashtra,B30,11100.0
INV11869,26-35,Male,Uttar Pradesh,B30,9200.0
INV11870,26-35,Female,Andhra Pradesh,T30,6800.0
INV11871,36-45,Male,Maharashtra,T30,7100.0
INV11872,46-55,Male,Andhra Pradesh,B30,18800.0
INV11873,46-55,Female,Telangana,T30,6300.0
INV11874,56+,Male,Karnataka,T30,10600.0
INV11875,26-35,Male,Gujarat,T30,29900.0
INV11876,18-25,Female,Karnataka,B30,3900.0
INV11877,18-25,Male,Haryana,T30,2200.0
INV11878,46-55,Female,Delhi,T30,4200.0
INV11879,46-55,Male,Maharashtra,B30,6200.0
INV11880,36-45,Female,Maharashtra,T30,7900.0
INV11881,46-55,Female,Punjab,B30,5200.0
INV11882,26-35,Male,Haryana,T30,20900.0
INV11883,36-45,Female,Gujarat,T30,3700.0
INV11884,18-25,Male,Andhra Pradesh,T30,5200.0
INV11885,36-45,Female,Delhi,T30,11000.0
INV11886,56+,Female,Karnataka,T30,15400.0
INV11887,36-45,Male,West Bengal,T30,5300.0
INV11888,26-35,Female,Tamil Nadu,T30,13900.0
INV11889,18-25,Male,Karnataka,T30,8400.0
INV11890,26-35,Male,Kerala,T30,23900.0
INV11891,26-35,Male,West Bengal,B30,17300.0
INV11892,26-35,Male,Kerala,T30,5600.0
INV11893,18-25,Female,Telangana,T30,3900.0
INV11894,26-35,Male,Rajasthan,T30,16200.0
INV11895,26-35,Female,West Bengal,T30,14900.0
INV11896,56+,Male,Andhra Pradesh,T30,2900.0
INV11897,18-25,Female,Andhra Pradesh,B30,3900.0
INV11898,46-55,Male,Uttar Pradesh,T30,12500.0
INV11899,36-45,Male,Gujarat,B30,5600.0
INV11900,18-25,Male,West Bengal,B30,3100.0
INV11901,18-25,Male,Rajasthan,T30,2000.0
INV11902,36-45,Male,West Bengal,B30,4200.0
INV11903,36-45,Female,Delhi,T30,8200.0
INV11904,26-35,Female,Madhya Pradesh,B30,6500.0
INV11905,46-55,Female,Karnataka,T30,12700.0
INV11906,36-45,Female,West Bengal,T30,13100.0
INV11907,56+,Male,Gujarat,B30,18400.0
INV11908,18-25,Male,Telangana,B30,2200.0
INV11909,26-35,Female,Kerala,T30,27300.0
INV11910,36-45,Male,Karnataka,T30,22600.0
INV11911,18-25,Female,Tamil Nadu,B30,1500.0
INV11912,26-35,Male,Telangana,T30,4900.0
INV11913,26-35,Female,Haryana,T30,4100.0
INV11914,26-35,Male,Tamil Nadu,B30,3100.0
INV11915,26-35,Female,Madhya Pradesh,B30,16600.0
INV11916,26-35,Male,Punjab,T30,30100.0
INV11917,36-45,Male,Madhya Pradesh,T30,49100.0
INV11918,56+,Male,Maharashtra,T30,19100.0
INV11919,26-35,Male,Haryana,T30,30500.0
INV11920,56+,Female,Bihar,T30,9700.0
INV11921,46-55,Female,Delhi,T30,14300.0
INV11922,26-35,Male,Bihar,B30,70900.0
INV11923,46-55,Male,Bihar,T30,17800.0
INV11924,46-55,Male,Karnataka,T30,10400.0
INV11925,36-45,Male,Madhya Pradesh,B30,10100.0
INV11926,26-35,Male,Andhra Pradesh,B30,9400.0
INV11927,46-55,Male,Andhra Pradesh,B30,11600.0
INV11928,46-55,Male,Rajasthan,T30,18800.0
INV11929,26-35,Female,Haryana,T30,20000.0
INV11930,18-25,Female,Maharashtra,T30,1800.0
INV11931,36-45,Male,Punjab,B30,8200.0
INV11932,36-45,Male,Gujarat,T30,15200.0
INV11933,26-35,Female,Telangana,B30,7800.0
INV11934,26-35,Male,Haryana,T30,28000.0
INV11935,36-45,Male,Delhi,T30,3200.0
INV11936,46-55,Female,Tamil Nadu,B30,15900.0
INV11937,18-25,Other,Haryana,T30,4400.0
INV11938,56+,Male,Tamil Nadu,B30,3300.0
INV11939,56+,Female,Uttar Pradesh,B30,11700.0
INV11940,26-35,Female,Telangana,T30,24900.0
INV11941,18-25,Female,Karnataka,T30,4300.0
INV11942,46-55,Male,Uttar Pradesh,T30,5600.0
INV11943,18-25,Female,Bihar,T30,6200.0
INV11944,36-45,Female,Delhi,T30,21900.0
INV11945,18-25,Male,Maharashtra,B30,5800.0
INV11946,18-25,Male,Madhya Pradesh,T30,8400.0
INV11947,18-25,Male,Kerala,B30,3300.0
INV11948,46-55,Female,Madhya Pradesh,T30,21100.0
INV11949,18-25,Male,Punjab,T30,11100.0
INV11950,36-45,Male,Madhya Pradesh,T30,8200.0
INV11951,26-35,Male,Madhya Pradesh,B30,16500.0
INV11952,26-35,Male,Karnataka,B30,4000.0
INV11953,46-55,Female,Tamil Nadu,B30,5500.0
INV11954,18-25,Male,Andhra Pradesh,T30,3300.0
INV11955,36-45,Male,Punjab,T30,8100.0
INV11956,46-55,Male,Maharashtra,T30,25400.0
INV11957,56+,Male,Tamil Nadu,T30,6400.0
INV11958,36-45,Female,Gujarat,T30,21100.0
INV11959,36-45,Female,Delhi,T30,9400.0
INV11960,26-35,Male,Kerala,T30,20900.0
INV11961,56+,Male,Madhya Pradesh,T30,6600.0
INV11962,26-35,Male,Haryana,B30,15900.0
INV11963,46-55,Male,Maharashtra,T30,12000.0
INV11964,26-35,Male,Madhya Pradesh,T30,10700.0
INV11965,18-25,Male,Gujarat,T30,3700.0
INV11966,36-45,Male,Andhra Pradesh,T30,5200.0
INV11967,36-45,Male,Tamil Nadu,T30,23100.0
INV11968,36-45,Male,Haryana,B30,15900.0
INV11969,36-45,Male,Rajasthan,T30,11100.0
INV11970,56+,Female,Madhya Pradesh,T30,11600.0
INV11971,56+,Male,Haryana,T30,10100.0
INV11972,46-55,Female,Delhi,B30,15000.0
INV11973,56+,Female,Madhya Pradesh,T30,13000.0
INV11974,46-55,Male,Gujarat,T30,21800.0
INV11975,18-25,Female,Madhya Pradesh,B30,5500.0
INV11976,26-35,Female,Bihar,T30,5200.0
INV11977,56+,Male,Kerala,B30,17200.0
INV11978,36-45,Male,Andhra Pradesh,T30,15000.0
INV11979,36-45,Male,Kerala,B30,14900.0
INV11980,56+,Male,Madhya Pradesh,B30,19900.0
INV11981,36-45,Female,Kerala,T30,17400.0
INV11982,56+,Male,Rajasthan,T30,19900.0
INV11983,26-35,Male,Kerala,T30,28600.0
INV11984,26-35,Female,Kerala,T30,10000.0
INV11985,46-55,Female,Rajasthan,T30,3800.0
INV11986,26-35,Male,Punjab,B30,18600.0
INV11987,26-35,Male,Punjab,T30,9600.0
INV11988,26-35,Female,Haryana,B30,15600.0
INV11989,36-45,Male,Andhra Pradesh,B30,12900.0
INV11990,26-35,Male,Andhra Pradesh,T30,29000.0
INV11991,26-35,Female,Haryana,B30,3500.0
INV11992,26-35,Female,Maharashtra,T30,21800.0
INV11993,36-45,Female,Telangana,T30,17100.0
INV11994,18-25,Male,Haryana,T30,1700.0
INV11995,26-35,Female,Haryana,T30,22000.0
INV11996,26-35,Male,Andhra Pradesh,T30,16500.0
INV11997,26-35,Male,Uttar Pradesh,B30,16000.0
INV11998,18-25,Female,West Bengal,T30,2400.0
INV11999,18-25,Male,Madhya Pradesh,T30,4600.0
INV12000,46-55,Male,Uttar Pradesh,T30,21800.0
